{"date":"200102","lang":"en","contents":{"yt_o_XVt5rdpFY":{"gid":"ted","title":"The secrets of learning a new language | Lýdia Machová","duration":646,"channel":"UCAuUUnT6oDeKwE6v1NGQxug","views":2430951,"subtitles":"ar, bg, ca, cs, de, el, en, es, fa, fi, fr, gl, hr, hu, id, it, iw, ja, ko, mk, mr, ms, my, nl, pl, pt-BR, pt-PT, ru, sk, sr, sv, sw, tr, vi, zh-CN, zh-TW"},"yt_y9Trdafp83U":{"gid":"ted","title":"There's more to life than being happy | Emily Esfahani Smith","duration":739,"channel":"UCAuUUnT6oDeKwE6v1NGQxug","views":2650819,"subtitles":"ar, ca, cs, de, el, en, es, fa, fr, hi, hr, hu, id, it, iw, ja, ko, mr, my, nl, pl, pt-BR, pt-PT, ro, ru, sr, sv, th, tr, uk, ur, vi, zh-CN, zh-TW"},"yt_-WLHr1_EVtQ":{"gid":"ted","title":"5 techniques to speak any language | Sid Efromovich | TEDxUpperEastSide","duration":891,"channel":"UCsT0YIqwnpJCM-mx7-gSA4Q","views":11041093,"subtitles":"ar,bg,cs,el,en,es,fr,hr,ja,ko,my,pt-BR,ru,sr,th,tr,uk,zh-CN,zh-Hans,zh-TW"},"yt_VQRjouwKDlU":{"gid":"ted","title":"4 reasons to learn a new language | John McWhorter","duration":602,"channel":"UCAuUUnT6oDeKwE6v1NGQxug","views":969156,"subtitles":"ar,bg,ca,cs,da,de,el,en,es,fa,fr,gl,hi,hr,hu,id,it,iw,ja,ka,kk,ko,lv,mn,my,nl,no,pl,pt-BR,pt-PT,ro,ru,sk,sr,th,tr,uk,uz,vi,zh-CN,zh-HK,zh-TW"},"yt_eIho2S0ZahI":{"gid":"ted","title":"How to speak so that people want to listen | Julian Treasure","duration":599,"channel":"UCAuUUnT6oDeKwE6v1NGQxug","views":22957346,"subtitles":"ar, bg, ca, cs, da, de, el, en, es, fa, fi, fr, gl, hr, hu, hy, id, it, iw, ja, ko, lt, lv, mn, ms, my, nl, no, pl, pt-BR, pt-PT, ro, ru, sk, sl, sr, sv, th, tr, uk, ur, uz, vi, zh-CN, zh-TW"},"yt_arj7oStGLkU":{"gid":"ted","title":"Inside the mind of a master procrastinator | Tim Urban","duration":844,"channel":"UCAuUUnT6oDeKwE6v1NGQxug","views":22407165,"subtitles":"ar, bg, ca, cs, da, de, el, en, es, fa, fi, fr-CA, fr, gl, hr, hu, id, it, iw, ja, ko, lt, lv, mn, mr, my, nl, pl, pt-BR, pt-PT, ro, ru, sl, sr, sv, th, tr, uk, ur, vi, zh-CN, zh-TW"},"yt_d0yGdNEWdn0":{"gid":"ted","title":"How to learn any language in six months | Chris Lonsdale | TEDxLingnanUniversity","duration":1107,"channel":"UCsT0YIqwnpJCM-mx7-gSA4Q","views":17991526,"subtitles":"ar, en, es, fr, hr, ja, ko, my, nl, pt-BR, ro, ru, sk, sr, sv, tr, uk, und, zh-CN, zh-Hans, zh-TW"},"yt_Ks-_Mh1QhMc":{"gid":"ted","title":"Your body language may shape who you are | Amy Cuddy","duration":1263,"channel":"UCAuUUnT6oDeKwE6v1NGQxug","views":16902191,"subtitles":"ar, az, bg, ca, cs, da, de, el, en, es, et, fa, fi, fr-CA, fr, gl, hr, hu, hy, id, it, iw, ja, ka, kk, ko, ku, lv, mk, mn, mr, my, nl, no, pl, pt-BR, pt-PT, pt, ro, ru, sk, sl, sq, sr, sv, ta, th, tr, uk, vi, zh-CN, zh-TW"},"yt_8KkKuTCFvzI":{"gid":"ted","title":"What makes a good life? Lessons from the longest study on happiness | Robert Waldinger","duration":767,"channel":"UCAuUUnT6oDeKwE6v1NGQxug","views":14002759,"subtitles":"ar, be, bg, cs, da, de, el, en, es, et, fa, fr, gl, hi, hr, hu, id, it, iw, ja, ko, ku, lt, lv, mk, mn, my, nl, pl, pt-BR, pt-PT, ro, ru, sk, sl, sr, sv, te, th, tr, uk, uz, vi, zh-CN, zh-TW"},"yt_h11u3vtcpaY":{"gid":"ted","title":"Hackschooling makes me happy | Logan LaPlante | TEDxUniversityofNevada","duration":674,"channel":"UCsT0YIqwnpJCM-mx7-gSA4Q","views":10134513,"subtitles":"ar, en, es-ES, es, fr, hu, id, ja, ko, pt-BR, ro, ru, tr, und"},"yt_zIwLWfaAg-8":{"gid":"ted","title":"The future we're building -- and boring | Elon Musk","duration":2451,"channel":"UCAuUUnT6oDeKwE6v1NGQxug","views":9630525,"subtitles":"ar, bg, cs, de, el, en, es, fa, fr, hr, hu, it, ja, ko, lv, nl, pt-BR, pt-PT, ro, ru, sr, sv, th, tr, uk, vi, zh-CN, zh-TW"},"yt_RcGyVTAoXEU":{"gid":"ted","title":"How to make stress your friend | Kelly McGonigal","duration":869,"channel":"UCAuUUnT6oDeKwE6v1NGQxug","views":8966494,"subtitles":"ar,be,bg,bn,bs,ca,cs,da,de,el,en,es,fa,fi,fr,gl,hi,hr,hu,id,it,iw,ja,ka,ko,lt,lv,mk,mn,mr,my,nl,pl,pt-BR,pt-PT,ro,ru,sk,sl,sq,sr,sv,th,tr,uk,vi,zh-CN,zh-HK,zh-TW"},"yt_CDsNZJTWw0w":{"gid":"ted","title":"New bionics let us run, climb and dance | Hugh Herr","duration":1141,"channel":"UCAuUUnT6oDeKwE6v1NGQxug","views":8231770,"subtitles":"ar, bg, el, en, es, fa, fr, hr, it, iw, ja, ko, lv, nl, pl, pt-BR, pt-PT, ro, ru, sk, sr, sv, th, tr, vi, zh-CN, zh-TW"},"yt_Fkd9TWUtFm0":{"gid":"ted","title":"A 12-year-old app developer | Thomas Suarez","duration":281,"channel":"UCAuUUnT6oDeKwE6v1NGQxug","views":7351244,"subtitles":"ar, bg, bn, cs, da, de, el, en, es, fa, fr, hr, hu, id, it, iw, ja, kk, ko, lt, lv, mn, my, nl, pl, pt-BR, pt-PT, pt, ro, ru, sk, sq, sr, th, tr, ug, uk, ur, vi, zh-CN, zh-TW"},"yt_R1vskiVDwl4":{"gid":"ted","title":"10 ways to have a better conversation | Celeste Headlee","duration":705,"channel":"UCAuUUnT6oDeKwE6v1NGQxug","views":7284649,"subtitles":"ar, be, bg, cs, de, el, en, es, fa, fr-CA, fr, gl, hr, hu, id, it, iw, ja, ko, ku, lt, lv, my, nl, pl, pt-BR, pt-PT, ro, ru, sq, sr, sv, te, th, tr, uk, ur, vi, zh-CN, zh-HK, zh-TW"},"yt_H14bBuluwB8":{"gid":"ted","title":"Grit: the power of passion and perseverance | Angela Lee Duckworth","duration":373,"channel":"UCAuUUnT6oDeKwE6v1NGQxug","views":5418907,"subtitles":"ar, be, bg, ca, cs, da, de, el, en, es, fa, fi, fr, hr, hu, id, it, iw, ja, ka, kk, ko, ku, lt, lv, mn, my, nl, no, pl, pt-BR, pt-PT, ro, ru, sk, sl, sq, sr, sv, sw, te, th, tr, uk, ur, vi, zh-CN, zh-HK, zh-TW"},"yt_RKK7wGAYP6k":{"gid":"ted","title":"How language shapes the way we think | Lera Boroditsky","duration":853,"channel":"UCAuUUnT6oDeKwE6v1NGQxug","views":4724366,"subtitles":"ar,bg,ca,cs,de,el,en,es,fa,fr,gl,hr,hu,id,it,iw,ja,ko,lt,mk,my,nl,no,pl,pt-BR,pt-PT,ro,ru,sr,tr,uk,vi,zh-CN,zh-TW"},"yt_1X7fZoDs9KU":{"gid":"ted","title":"Which country does the most good for the world? | Simon Anholt","duration":1075,"channel":"UCAuUUnT6oDeKwE6v1NGQxug","views":3786024,"subtitles":"ar, bg, cs, de, el, en, es, fi, fr, hr, hu, it, iw, ja, ko, lt, lv, nl, pl, pt-BR, pt-PT, ro, ru, sl, sr, sv, th, tr, uk, vi, zh-CN, zh-TW"},"yt_cSohjlYQI2A":{"gid":"ted","title":"5 ways to listen better | Julian Treasure","duration":471,"channel":"UCAuUUnT6oDeKwE6v1NGQxug","views":2665085,"subtitles":"ar,bg,ca,cs,da,de,el,en,es,et,fa,fil,fr-CA,fr,gl,hi,hr,hu,hy,id,it,iw,ja,ka,kk,ko,lt,lv,mk,mr,ms,ne,nl,pl,pt-BR,pt-PT,ro,ru,sk,sq,sr,sv,th,tr,uk,vi,zh-CN,zh-TW"},"yt_Ti_gFEe1XNY":{"gid":"ted","title":"How to Talk Like a Native Speaker | Marc Green | TEDxHeidelberg","duration":1058,"channel":"UCsT0YIqwnpJCM-mx7-gSA4Q","views":2155988,"subtitles":"el, en, es, hu, pt-BR"},"yt_6ibCtsHgz3Y":{"gid":"ted","title":"How books can open your mind | Lisa Bu","duration":377,"channel":"UCAuUUnT6oDeKwE6v1NGQxug","views":1815565,"subtitles":"af,ar,az,bg,ca,cs,da,de,el,en,es,fa,fi,fr,hr,hu,id,it,iw,ja,kk,ko,lt,mn,ms,my,nl,no,pl,pt-BR,pt-PT,ro,ru,sk,sl,so,sq,sr,sv,ta,th,tr,uk,ur,vi,zh-CN,zh-HK,zh-TW"},"yt_Fw0rdSHzWFY":{"gid":"beginner","title":"Theme 1. Greeting - Good morning. Good bye. | ESL Song & Story - Learning English for Kids","duration":435,"channel":"UCGwA4GjY4nGMIYvaJiA0EGA","views":2101165,"subtitles":"en"},"yt_AVYfyTvc9KY":{"gid":"beginner","title":"English Grammar Course For Beginners:  Basic English Grammar","duration":8129,"channel":"UC_OskgZBoS4dAnVUgJVexcw","views":5209208,"subtitles":"en"},"yt_Vlh0sMMjU04":{"gid":"beginner","title":"English Conversation 01","duration":3022,"channel":"UC2p1pDtdBPtfs4iQ2O_T-GA","views":3306303,"subtitles":"bn,en,es-419,pt,ru,tr,vi,zh"},"yt_WGoIoDuf83o":{"gid":"beginner","title":"How to make GREAT Small Talk | English Conversation Practice","duration":734,"channel":"UCrRiVfHqBIIvSgKmgnSY66g","views":380420,"subtitles":"ar,en,es,fa,it,pt,ru,vi"},"yt_p0NfkgxfVL8":{"gid":"beginner","title":"English Conversation Training ⚡️ Pronunciation Workout #1","duration":948,"channel":"UCrRiVfHqBIIvSgKmgnSY66g","views":253510,"subtitles":"ar,en,es,pt-BR,ru,uk,vi,zh-TW,zh"},"yt_l4WNrvVjiTw":{"gid":"beginner","title":"If You're Happy | Super Simple Songs","duration":124,"channel":"UCLsooMJoIpl_7ux2jvdPB-Q","views":397338619,"subtitles":"ar,bg,bn,ca,cs,da,de,el,en,es,et,eu,fa,fi,fil,fr,hi,hr,hu,hy,id,it,iw,ja,jv,ka,km,ko,lt,ml,ms,ne,nl,no,pl,pt,ro,ru,sk,sl,sq,sr,sv,sw,ta,te,th,tr,uk,ur,vi,zh-HK,zh-TW,zh"},"yt_yCjJyiqpAuU":{"gid":"beginner","title":"Twinkle Twinkle Little Star","duration":154,"channel":"UCLsooMJoIpl_7ux2jvdPB-Q","views":1288146003,"subtitles":"ar,bg,bn,cs,de,el,en,eo,es,fil,fr,hi,hu,id,it,iw,ja,ka,km,ko,ne,nl,pl,pt,ro,ru,sk,sq,sr,sv,th,tr,uk,ur,vi,zh-TW"},"yt_8irSFvoyLHQ":{"gid":"beginner","title":"Good morning+More Kids Dialogues | Learn English for Kids | Collection of Easy Dialogue","duration":2263,"channel":"UCGwA4GjY4nGMIYvaJiA0EGA","views":24142532,"subtitles":"en"},"yt_DPmtnb8NBog":{"gid":"beginner","title":"Learn English Conversation - Oxford English Daily Conversation Part 1","duration":5834,"channel":"UCiLADGxdlggDc14zkO2CVlQ","views":7600805,"subtitles":"en, th, vi"},"yt_tZOgdnKJ5Sc":{"gid":"beginner","title":"Learn English - Introduce Yourself in English - Innovative English","duration":815,"channel":"UCeTVoczn9NOZA9blls3YgUg","views":1665045,"subtitles":"en"},"yt_cs81UdOc9TU":{"gid":"beginner","title":"Theme 2. Time - What time is it? | ESL Song & Story - Learning English for Kids","duration":534,"channel":"UCGwA4GjY4nGMIYvaJiA0EGA","views":1607553,"subtitles":"en"},"yt_vdsex0upWy8":{"gid":"beginner","title":"[NEW] 1. Greetings, Introduction (English Dialogue) - Role-play conversation for Kids","duration":479,"channel":"UCGwA4GjY4nGMIYvaJiA0EGA","views":227578,"subtitles":"en"},"yt_-BjZmE2gtdo":{"gid":"music","title":"Taylor Swift - Lover","duration":239,"channel":"UCANLZYMidaCbLQFWXBC95Jg","views":90072656,"subtitles":"de,en,es,fil,fr,id,ja,ko,pl,pt,th,vi,zh-Hans,zh-Hant"},"yt_qrkkxo6Ndtw":{"gid":"music","title":"Frozen 2 - Into The Unknown ( cover by J.Fla )","duration":198,"channel":"UClkRzsdvg7_RKVhwDwiDZOA","views":6771486,"subtitles":"ar,de,en,es-419,es,fa,fil,fr,hi,id,it,ja,ko,ms,pl,pt-BR,pt,ro,ru,th,tr,vi,zh-CN,zh-Hant,zh-TW,zh"},"yt_CevxZvSJLk8":{"gid":"music","title":"Katy Perry - Roar (Official)","duration":270,"channel":"UC-8Q-hLdECwQmaWNwXitYDw","views":2897013212,"subtitles":"en, ja, ko*"},"yt_60ItHLz5WEA":{"gid":"music","title":"Alan Walker - Faded","duration":213,"channel":"UCJrOtniJ0-NWz37R30urifQ","views":2594903231,"subtitles":"ar,bg,bn,cs,da,de,en-US,es-419,es,fr,hi,hu,id,it,iw,ja,kk,ko,ku,nl,no,pl,pt-BR,pt,ro,ru,sr,sv,th,tr,uk,zh-CN,zh-HK,zh-TW"},"yt_wJnBTPUQS5A":{"gid":"music","title":"Alan Walker - The Spectre","duration":207,"channel":"UCJrOtniJ0-NWz37R30urifQ","views":696471291,"subtitles":"ar,bn,cs,de,en,es-419,es,fi,fr,hi,id,it,iw,ja,ko,ku,nl,no,pl,pt-BR,pt,ro,ru,th,tr,vi,zh-CN,zh-TW"},"yt_CY8E6N5Nzec":{"gid":"music","title":"Marshmello & Anne-Marie - FRIENDS (Lyric Video) *OFFICIAL FRIENDZONE ANTHEM*","duration":206,"channel":"UCEdvpU2pFRCVqU6yIPyTpMQ","views":671601222,"subtitles":"ar,az,bg,bn,cs,da,de-AT,de,el,en,eo,es-419,es-ES,es-MX,es,et,fi,fil,fr-CA,fr,gu,hi,hr,hu,id,it,iw,ja,ka,kk,km,ko,lo,lt,lv,ms,nl,no,pl,pt-BR,pt-PT,pt,ro,ru,sk,sl,sq,sr,sv,ta,te,th,tr,uk,zh-CN,zh-HK,zh-TW,zh"},"yt_c6rP-YP4c5I":{"gid":"music","title":"Shakira - Try Everything (From \"Zootopia\") [Official Music Video]","duration":203,"channel":"UCGnjeahCJW1AF34HBmQTJ-Q","views":598380035,"subtitles":"en"},"yt_RE87rQkXdNw":{"gid":"music","title":"Marshmello ft. Bastille - Happier (Official Lyric Video)","duration":219,"channel":"UCEdvpU2pFRCVqU6yIPyTpMQ","views":433412915,"subtitles":"ar,cs,da,de,el,en,es-419,es,fi,fil,fr,hr,hu,id,it,iw,ja,ko,ms,nl,pl,pt-BR,pt,ro,ru,sl,th,tr,vi,zh-CN,zh-TW"},"yt_h--P8HzYZ74":{"gid":"music","title":"Zedd, Alessia Cara - Stay (Lyric Video)","duration":213,"channel":"UCFzm6oAGFmmZfkrzQ5wATSQ","views":398944100,"subtitles":"de-DE,en,es-ES,id,it,ja,pl,vi"},"yt_SlPhMPnQ58k":{"gid":"music","title":"Maroon 5 - Memories","duration":196,"channel":"UCN1hnUccO4FD5WfM7ithXaw","views":313400324,"subtitles":"en,es,fr,it,ja,ko,pt,ru,tr,zh-Hant"},"yt_mw5VIEIvuMI":{"gid":"music","title":"Naomi Scott - Speechless (Full) (From \"Aladdin\"/Official Video)","duration":207,"channel":"UCgwv23FVv3lqh567yagXfNg","views":94552518,"subtitles":"en, ja"},"yt_fiusxyygqGk":{"gid":"music","title":"Marshmello - You & Me (Official Music Video)","duration":192,"channel":"UCEdvpU2pFRCVqU6yIPyTpMQ","views":89087167,"subtitles":"ar,cs,de,en-US,en,es-419,es,fr,hr,hu,id,it,iw,ja,ko,nl,pl,pt-BR,pt,ru,th,tr,vi,zh-TW,zh"},"yt_gIOyB9ZXn8s":{"gid":"music","title":"Idina Menzel, AURORA - Into the Unknown (From \"Frozen 2\")","duration":210,"channel":"UCgwv23FVv3lqh567yagXfNg","views":26125361,"subtitles":"en"},"yt_S8e1geEpnTA":{"gid":"music","title":"Naomi Scott - Speechless ( cover by J.Fla )","duration":191,"channel":"UClkRzsdvg7_RKVhwDwiDZOA","views":9942343,"subtitles":"ar,de,en,es,fil,fr,hi,id,it,ja,km,ko,ms,pl,pt-BR,ru,th,tr,vi,zh-CN,zh-Hant,zh-TW,zh"},"yt_kdy_fe71-0I":{"gid":"music","title":"J.Fla - Are You My Villain [Dance Video]","duration":205,"channel":"UClkRzsdvg7_RKVhwDwiDZOA","views":1714319,"subtitles":"en,id,ko,pl,ru,vi,zh-TW,zh"},"yt_aJOTlE1K90k":{"gid":"music","title":"Maroon 5 - Girls Like You ft. Cardi B (Official Music Video)","duration":271,"channel":"UCN1hnUccO4FD5WfM7ithXaw","views":2489739016,"subtitles":"en"},"yt_MhQKe-aERsU":{"gid":"music","title":"Ed Sheeran - Shape Of You ( cover by J.Fla )","duration":174,"channel":"UClkRzsdvg7_RKVhwDwiDZOA","views":250678313,"subtitles":"ar,az,bg,cs,de,en-US,en,es-419,es,et,fi,fil,fr,hi,hu,id,it,iw,ja,jv,kk,km,ko,ku,ky,lo,mn,ms,nl-NL,no,pl,pt-BR,pt,ro,ru,sq,sr,su,sv,th,tr,uk,vi,zh-CN,zh-HK,zh-Hans,zh-Hant,zh-TW,zh"},"yt_1-xGerv5FOk":{"gid":"music","title":"Alan Walker - Alone","duration":164,"channel":"UCJrOtniJ0-NWz37R30urifQ","views":985132157,"subtitles":"ar,bn,cs,de,es-419,es,fr,hu,id,it,iw,ja,ko,nl,pl,pt-BR,pt,ro,ru,sr,th,tr,vi,zh-HK,zh-TW"},"yt_eitDnP0_83k":{"gid":"music","title":"Mena Massoud, Naomi Scott - A Whole New World (From \"Aladdin\")","duration":190,"channel":"UCgwv23FVv3lqh567yagXfNg","views":36744086,"subtitles":"en"},"yt_AC2r3ZgYOWs":{"gid":"music","title":"Frozen - Let It Go ( cover by J.Fla )","duration":225,"channel":"UClkRzsdvg7_RKVhwDwiDZOA","views":21478721,"subtitles":"ar,az,be,cs,de,en-GB,en,es-419,es,fil,fr,hi,hu,hy,id,it,ja,km,ko,ms,pl,pt-BR,ro,ru,sr-Latn,th,tr,uk,vi,zh-CN,zh-Hans,zh-Hant,zh-TW,zh"},"yt_3ipEq9m1vgo":{"gid":"music","title":"Maroon 5 - Sugar ( bittersweet version cover by J.Fla )","duration":157,"channel":"UClkRzsdvg7_RKVhwDwiDZOA","views":11731184,"subtitles":"ar,de,en,es-419,es,fil,fr,hi,id,ja,ko,pl,pt-BR,ru,th,tr,vi,zh-Hant,zh-TW,zh"},"yt_0EeN4P-mTgU":{"gid":"music","title":"Katy Perry - Firework ( cover by J.Fla )","duration":175,"channel":"UClkRzsdvg7_RKVhwDwiDZOA","views":8408450,"subtitles":"af,ar,be,bg,cs,da,de,el,en,es-419,es,et,fa,fi,fil,fr,hi,hu,id,it,iw,ja,km,ko,lt,lv,nl-BE,nl,no,pl,pt-BR,ro,ru,sk,sl,sv,th,tr,uk,zh-CN,zh-Hant,zh-TW,zh"},"yt_KsatpQ3xedk":{"gid":"music","title":"Bruno Mars - Marry You ( cover by J.Fla )","duration":230,"channel":"UClkRzsdvg7_RKVhwDwiDZOA","views":5769239,"subtitles":"en,fil,hi,id,ja,ko,pt-BR,ru,tr,vi,zh-TW"},"yt_kUQinReafBk":{"gid":"music","title":"Ariana Grande - Santa Tell Me ( cover by J.Fla )","duration":139,"channel":"UClkRzsdvg7_RKVhwDwiDZOA","views":3776028,"subtitles":"af,ar,be,cs,da,el,en-GB,en,es-419,es,fil,fr,hi,hr,hu,it,ja,jv,km,ko,lo,lt,lv,ms,nl,pl,pt-BR,ru,sv,th,tr,uk,vi,zh-CN,zh-Hant,zh-TW,zh"},"yt_a--PMwm1f7g":{"gid":"music","title":"Bruno Mars - The Lazy Song ( cover by J.Fla )","duration":206,"channel":"UClkRzsdvg7_RKVhwDwiDZOA","views":1243574,"subtitles":"ar,en,es,fil,hi,id,ja,ko,pt-BR,ru,tr,vi,zh-TW"},"yt_FUW_FN8uzy0":{"gid":"english","title":"How to Stop Translating in Your Head and Start Thinking in English [9 Tips]","duration":894,"channel":"UC9Pbt3q-ihROg1lmmmQdU2w","views":10264300,"subtitles":"ar,cs,de,el,en,es,fa,fr,hu,id,it,ko,ku,pl,pt,ro,ru,ta,tr,vi,zh-CN,zh-TW,zh"},"yt_BlCBnY3Y-jw":{"gid":"english","title":"3 Big Mistakes in Your English Listening","duration":391,"channel":"UC9Pbt3q-ihROg1lmmmQdU2w","views":3409218,"subtitles":"ar,az,en-US,es,ne,pl,pt-BR,ru,tr,vi,zh-TW"},"yt_6I9yAohpf2E":{"gid":"english","title":"10 Grammar Errors that Drive British People CRAZY | British English Grammar Lesson #Spon","duration":648,"channel":"UCz4tgANd4yy8Oe0iXCdSWfA","views":1680492,"subtitles":"ar, cs, de, en-GB, es-419, es, fr, gl, hu, id, it, ko, ms, my, pl, pt, ru, tr, vi, zh-TW"},"yt_Y4ZkHtObgdw":{"gid":"english","title":"How To Say Common English Expressions! | 💬 Small Talk PART 1","duration":1361,"channel":"UCrRiVfHqBIIvSgKmgnSY66g","views":1346464,"subtitles":"ar,en,es,hi,id,it,pt,tr,vi,zh-CN,zh-TW"},"yt_8UhZqWphZf4":{"gid":"english","title":"English Conversation Training ⚡️ Pronunciation Workout #2!","duration":1075,"channel":"UCrRiVfHqBIIvSgKmgnSY66g","views":112530,"subtitles":"ar,bg,en,es-419,es,fr,it,pl,pt,ru,vi"},"yt_wY2zyhDgeto":{"gid":"english","title":"Learn To Think In English | Speak Clearly & Naturally","duration":482,"channel":"UCrRiVfHqBIIvSgKmgnSY66g","views":3062711,"subtitles":"en,es-419,id,pl,pt-BR,pt,ru,tr,vi,zh-TW,zh"},"yt_FfhZFRvmaVY":{"gid":"english","title":"Advanced speaking practice: English Imitation Lesson","duration":831,"channel":"UCrRiVfHqBIIvSgKmgnSY66g","views":165087,"subtitles":"ar,en,es,ru"},"yt_bj5btO2nvt8":{"gid":"english","title":"50 COMMON ENGLISH PHRASES","duration":622,"channel":"UCAQg09FkoobmLquNNoO4ulg","views":4175292,"subtitles":"en,ko,pt-BR"},"yt_XzjQV5oRtOQ":{"gid":"english","title":"25 Phrases Every English Intermediate Learner Must-Know","duration":1422,"channel":"UCeTVoczn9NOZA9blls3YgUg","views":2683557,"subtitles":"en"},"yt_-XgwE3QOdcE":{"gid":"english","title":"미국 / 영국 / 호주 영어 발음 차이 알아보기! [KoreanBilly’s English]","duration":410,"channel":"UCB9etEztDELjmiVu8kP5R-g","views":1577554,"subtitles":"zh-CN"},"yt_dmG4ponSoTk":{"gid":"english","title":"Fast Speech | How To Sound Like A Native English Speaker","duration":805,"channel":"UC-g0gSStENkYPXFRsKrlvyA","views":1116891,"subtitles":"en"},"yt_7uSHsac_-gI":{"gid":"english","title":"BEST TV SHOWS TO LEARN ENGLISH - vocabulary, hacks, topics","duration":795,"channel":"UCAQg09FkoobmLquNNoO4ulg","views":575351,"subtitles":"en-US"},"yt_JftEttgz8q0":{"gid":"english","title":"Why You Understand English But Can't Speak Fluently","duration":252,"channel":"UCrJHj7MDQhmQ9iFuACdoWCg","views":474600,"subtitles":"en"},"yt_57FDqlXpE24":{"gid":"english","title":"10 Great British TV Shows to Learn English","duration":938,"channel":"UCu4AP8qmYnXNUipUeyPQKig","views":328161,"subtitles":"ca, en-GB, fr, it, th, vi"},"yt_JW9VDll7UVY":{"gid":"english","title":"How to Understand Fast Speech in English - Improve English Comprehension","duration":811,"channel":"UCNbeSPp8RYKmHUliYBUDizg","views":183035,"subtitles":"en"},"yt_FUyHm8Iz6C0":{"gid":"english","title":"영어가 안 느는 사람들의 3가지 공통점 (팩폭 주의...)","duration":229,"channel":"UCq0pVPNYdDWQk1iTS4jTk2w","views":125127,"subtitles":"en-GB, ko"},"yt_33OOtph82kM":{"gid":"english","title":"The Best BRITISH FILMS and TV SERIES TO LEARN ENGLISH!","duration":957,"channel":"UCbc6petup_AULPR28xvM84A","views":15329,"subtitles":"en"},"yt_GaVEFw8waZ8":{"gid":"cpop","title":"Martin Hurkens - You Raise Me Up","duration":274,"channel":"UCEt9AMgH6fDziB64gagRGzQ","views":626348,"subtitles":"en,es,ja,ko,pt,zh-Hans,zh-Hant,zh-TW"},"yt_PSZxmZmBfnU":{"gid":"cpop","title":"Somewhere Over the Rainbow - The Wizard of Oz (1/8) Movie CLIP (1939) HD","duration":163,"channel":"UC3gNmTGu-TTbFPpfSs5kNkg","views":34734432,"subtitles":"de,el,en,es,fr,pl,pt,ru"},"yt_ZDqWLfVein4":{"gid":"cpop","title":"Mariah Carey - All I Want For Christmas Is You ( cover by J.Fla )","duration":178,"channel":"UClkRzsdvg7_RKVhwDwiDZOA","views":7798976,"subtitles":"ar,az,cs,de,en-GB,en,es-419,es,fi,fil,fr,hi,hu,id,it,ja,km,ko,ms,pl,pt-BR,ro,ru,th,tr,uk,ur,vi,zh-CN,zh-Hans,zh-Hant,zh-TW,zh"},"yt_-H91EVNH93M":{"gid":"cpop","title":"Michael Jackson - Heal The World ( cover by J.Fla )","duration":166,"channel":"UClkRzsdvg7_RKVhwDwiDZOA","views":6941879,"subtitles":"ar,be,de,en-GB,en-US,en,es-419,es,fil,fr,hi,id,it,ja,ko,mr,pl,pt-BR,ro,ru,sr,sv,th,tr,uk,vi,zh-CN,zh-HK,zh-TW"},"yt_303tg8fbiV0":{"gid":"cpop","title":"❤ Richard Marx - Right Here Waiting For You (Tradução/Legendado) | Kate e Alex ❤","duration":247,"channel":"UC2835dMXeo8q7HGW4tCVvrA","views":513,"subtitles":"de,en,es,fr,it"},"yt_YkgkThdzX-8":{"gid":"cpop","title":"Imagine - John Lennon & The Plastic Ono Band (w the Flux Fiddlers) (official music video long vers.)","duration":234,"channel":"UCYU4eunPInnHTNWfGvOgkbg","views":133616997,"subtitles":"en-GB"},"yt_z4_vFAZgL4E":{"gid":"cpop","title":"Ashly Williams' Emotional \"I Will Always Love You\" Prompts Tears - THE X FACTOR USA 2013","duration":532,"channel":"UCtCRIhWVXiQDEp22k8z98-g","views":71033831,"subtitles":"en,es,fr,id,nl,pt,vi"},"yt_HBoFOv1KzZg":{"gid":"cpop","title":"The Beatles - Hey Jude ( cover by J.Fla )","duration":124,"channel":"UClkRzsdvg7_RKVhwDwiDZOA","views":2906700,"subtitles":"ar,be,cs,en-GB,en-US,en,es-419,fi,fil,fr,hi,hu,id,ja,ko,no,pl,pt-BR,ru,sk,sl,sr,sv,th,tr,uk,vi,zh-HK,zh-TW,zh"},"yt_lRtbO4U5WLQ":{"gid":"cpop","title":"BLACKPINK ROSÉ - Let It Be, You & I, Only Look at Me (Lyrics)","duration":264,"channel":"UCmth4hMyizG-_W9jidBqs_A","views":2683240,"subtitles":"ar,en,es-419,es,fr,id,iw,ja,pl,pt,th,tr,vi,zh-TW"},"yt_HO30mNUHKFw":{"gid":"cpop","title":"Bridge Over Troubled Water - Simon and Garfunkel feat. Tim Foust!","duration":297,"channel":"UCgITW_70LNZFkNna7VsXbuQ","views":1790438,"subtitles":"de,en,es,pt-BR"},"yt_2O19zOMwN0k":{"gid":"cpop","title":"J.Fla - White Christmas & Text Me Merry Christmas","duration":109,"channel":"UClkRzsdvg7_RKVhwDwiDZOA","views":1083548,"subtitles":"ar,de,en,fr,hi,id,ko,pl,ru,th,tr,vi,zh-Hant,zh-TW"},"yt_7jPFdg4CNss":{"gid":"cpop","title":"Sting - Shape Of My Heart (My Songs Version/Live From The Today Show/2019)","duration":181,"channel":"UC9B6c09n61wgu5w6bh1v68Q","views":629698,"subtitles":"en"},"yt_hJpTkViA-wQ":{"gid":"cpop","title":"You Raise Me Up by Helene Fischer and Celine Tam","duration":245,"channel":"UCs2h8EY5o6gPnp6Dle7LxlA","views":595919,"subtitles":"en"},"yt__8ecfCmTQxc":{"gid":"cpop","title":"Yesterday - The Beatles - Jasmine Clarke","duration":157,"channel":"UCar9tEltAWdUP2lATQ5HJOA","views":23814,"subtitles":"ar,de,en,es,fr,id,it,ko,pl,pt,ro,ru,zh-Hans"},"yt_Mau8kHK3U6A":{"gid":"cpop","title":"티파니에서 아침을 OST 1 Moon River - Audrey Hepburn 오드리햅번 (가사/Lyrics)","duration":410,"channel":"UCKAUPwPD56vhpwvTqonED7Q","views":189,"subtitles":"en"},"yt_9iMGFqMmUFs":{"gid":"edu","title":"What would happen if you didn’t drink water? - Mia Nacamulli","duration":292,"channel":"UCsooa4yRKGN_zEE8iknghZA","views":7970434,"subtitles":"ar,bg,de,el,en,es,fa,fr,hu,hy,id,it,iw,ja,ko,mn,my,nl,pl,pt-BR,pt-PT,ro,ru,sq,sr,sv,th,tr,uk,vi,zh-CN,zh-TW"},"yt_ibjUpk9Iagk":{"gid":"edu","title":"The history of chocolate - Deanna Pucciarelli","duration":281,"channel":"UCsooa4yRKGN_zEE8iknghZA","views":3771879,"subtitles":"ar,bg,de,en,es,fa,fr,hi,hr,hu,hy,id,it,iw,ja,ka,ko,lv,ms,nl,pl,pt-BR,pt-PT,ro,ru,sl,sr,th,tr,uk,vi,zh-CN,zh-Hant,zh-TW"},"yt_2W85Dwxx218":{"gid":"edu","title":"Why do we dream? - Amy Adkins","duration":338,"channel":"UCsooa4yRKGN_zEE8iknghZA","views":3672473,"subtitles":"ar, de, el, en, es, fa, fr, hu, hy, id, it, iw, ja, ko, lv, mn, mr, my, pl, pt-BR, pt-PT, ro, ru, sr, th, tr, uk, vi, zh-CN, zh-TW"},"yt_y7Tc3eR4nH4":{"gid":"edu","title":"How to Fight Fake News on Vaccines | NYT Opinion","duration":310,"channel":"UCqnbDFdCpuN8CMEg0VuEBqA","views":10131,"subtitles":"en"},"yt_g-jwWYX7Jlo":{"gid":"edu","title":"Dream - Motivational Video","duration":380,"channel":"UCnJ-KJLPlRw90rGs_6XfmmQ","views":55240386,"subtitles":"ar,bg,cs,de,el,en,es-ES,es-MX,fa-AF,fr,hr,hu,id,it,iw,ja,ko,ku,mk,ms,nl,pa,pl,pt-BR,pt-PT,ro,ru,sk,sl,sr,th,tr,uk,vi,zh-HK,zh-Hans"},"yt_dqONk48l5vY":{"gid":"edu","title":"What would happen if you didn’t sleep? - Claudia Aguirre","duration":275,"channel":"UCsooa4yRKGN_zEE8iknghZA","views":7793096,"subtitles":"ar,de,el,en,es,fa,fr,gl,hu,hy,id,it,iw,ja,ko,ku,mn,mr,my,nl,pl,pt-BR,pt-PT,ro,ru,sr,sv,th,tr,uk,vi,zh-CN,zh-TW"},"yt_eakyDiXX6Uc":{"gid":"edu","title":"The mysterious science of pain - Joshua W. Pate","duration":303,"channel":"UCsooa4yRKGN_zEE8iknghZA","views":518168,"subtitles":"en, es, fa, fr, hr, it, iw, ja, ko, pt-BR, pt-PT, tr, vi, zh-CN, zh-TW"},"yt_KFVdHDMcepw":{"gid":"edu","title":"The Prison Break | Think Like A Coder, Ep 1","duration":411,"channel":"UCsooa4yRKGN_zEE8iknghZA","views":151966,"subtitles":"el,en,es,fr,id,it,ja,ko,my,pt-BR,tr,uk,zh-CN,zh-TW"},"yt_BoepUsTgikI":{"gid":"edu","title":"'Sent Candy': How Russian Pilots Bombed Syrian Civilians | Visual Investigations","duration":413,"channel":"UCqnbDFdCpuN8CMEg0VuEBqA","views":75150,"subtitles":"ar,en,ru"},"yt_1_ePNK5WoiU":{"gid":"edu","title":"Teen climate activist Greta Thunberg becomes Time's youngest ever 'Person of the Year'","duration":112,"channel":"UCzznO4xSV8BKnUBPyswtCUw","views":80,"subtitles":"en"},"yt_eHiH1NytwjM":{"gid":"tv","title":"His Voice Is So Emotional That Even Simon Started To Cry!","duration":495,"channel":"UCmSPDMxfLphFJlZirsHbP0A","views":272679221,"subtitles":"ar,bg,cs,de,el,en,es-419,es,fa,fr,hu,id,it,iw,ja,nl,no,pl,pt-BR,pt,ro,ru,sr,sv,th,tr,vi,zh-TW,zh"},"yt_Nck6BZga7TQ":{"gid":"tv","title":"Adele Carpool Karaoke","duration":892,"channel":"UCJ0uqCI0Vqr2Rrt1HseGirg","views":203364390,"subtitles":"de-DE, en, pt-BR"},"yt_k3aAl92_VDE":{"gid":"tv","title":"Adam Levine's New Girlfriend","duration":292,"channel":"UCp0hYYBW6IMayGgR-WeoCvQ","views":97755496,"subtitles":"en"},"yt_nl9q1qbDSHo":{"gid":"tv","title":"America's Got Talent 2019 Auditions! | WEEK 1 | Got Talent Global","duration":3277,"channel":"UCe_Fx4EZAgKjDz0aQ_Y7hSA","views":20423726,"subtitles":"ar, en, es-419, es, fr, id, pt-PT, pt, tr, vi"},"yt_mriYyuDmB58":{"gid":"tv","title":"Zendaya Shows One of Her and Zac Efron's Trapeze Fails for The Greatest Showman","duration":297,"channel":"UC8-Th83bH_thdKZDJCrn88g","views":18522453,"subtitles":"en"},"yt_9wr9vSTttUc":{"gid":"tv","title":"America's Got Talent 2019 Auditions! | WEEK 2 | Got Talent Global","duration":3699,"channel":"UCe_Fx4EZAgKjDz0aQ_Y7hSA","views":6970129,"subtitles":"ar,en,es,fr,pt-PT,ru,vi"},"yt_Ja2FmusOFpU":{"gid":"tv","title":"Trump’s Weird One-on-One with George Stephanopoulos | The Daily Show","duration":375,"channel":"UCwWhs_6x42TyRM4Wstoq8HA","views":2608684,"subtitles":"en"},"yt_W0G7DwvINiE":{"gid":"tv","title":"'13 Reasons Why' Cast Reveal Their Favorite TV Shows | 2018 MTV Movie & TV Awards","duration":189,"channel":"UCxAICW_LdkfFYwTqTHHE0vg","views":502734,"subtitles":"en"},"yt_AD6YtY-Jqjo":{"gid":"tv","title":"High School Musical: The Musical: The Series Trailer (HD) Disney+ series","duration":102,"channel":"UCDR8cvjALazMm2j9hOar8_g","views":203637,"subtitles":"fr"},"yt_KwZtGxD8-_g":{"gid":"tv","title":"Learn English With Scarlett Johansson & Ellen","duration":1501,"channel":"UCKgpamMlm872zkGDcBJHYDg","views":120833,"subtitles":"en, ja"},"yt_RJsHovCovOA":{"gid":"tv","title":"The Most Dreadful TV Shows Of 2019","duration":364,"channel":"UCP1iRaFlS5EYjJBryFV9JPw","views":64076,"subtitles":"en"},"yt_FaPWyWCE6zw":{"gid":"tv","title":"Learn English With Taylor Swift & Ed Sheeran","duration":1509,"channel":"UCKgpamMlm872zkGDcBJHYDg","views":53024,"subtitles":"en"},"yt_dXakC04KFz0":{"gid":"life","title":"My Racist Experience Teaching English in Korea","duration":2195,"channel":"UCzeCPIPHZiD1806YvU5aAPA","views":2174520,"subtitles":"en, es, ko"},"yt_w4gPu5Tv0ts":{"gid":"life","title":"How I Became More Confident | clothesencounters","duration":440,"channel":"UCgWfS_47YPVbKx5EK4FLm4A","views":585295,"subtitles":"ar, bg, da, de, en, es-419, es, id, it, iw, ja, ko, nl, pl, pt-BR, vi, zh-TW"},"yt_8lSafwRApNw":{"gid":"life","title":"10 Things That Will SHOCK  You In The USA","duration":756,"channel":"UC-g0gSStENkYPXFRsKrlvyA","views":438558,"subtitles":"en, pt"},"yt_Eh993__rOxA":{"gid":"movie","title":"Me Before You Official Trailer #1 (2016) -  Emilia Clarke, Sam Claflin Movie HD","duration":139,"channel":"UCi8e0iOVk1fEOogdfu4YgfA","views":26156292,"subtitles":"ar,bg,bn,ca,cs,da,de,el,en,es,et,fi,fil,fr,hi,hr,hu,id,it,iw,ja,ka,km,ko,mk,nl,no,pl,pt,ro,ru,sk,sl,sq,sr,sv,te,th,tr,uk,ur,vi,zh-CN,zh-HK,zh-TW,zh"},"yt_WeOuKguaBec":{"gid":"movie","title":"Beauty In The Broken (Full HD Movie, Love, Romance, Drama, English) *full free movies*","duration":5538,"channel":"UCE_0zvmu1pMYZAgqyjW6qsQ","views":7650188,"subtitles":"ar,en,es,fa,hu,ro,th,tr,vi,zh-TW"},"yt_moHa5xIOZ18":{"gid":"movie","title":"Best Christian Family Movie \"Where Is My Home\" | God Gave Me a Happy Family (English Dubbed Movie)","duration":6013,"channel":"UCnm99agRmGJIca7cvowv0og","views":4733733,"subtitles":"en, pl"},"yt_Zi4LMpSDccc":{"gid":"movie","title":"Frozen 2 Official Trailer","duration":114,"channel":"UC_976xMxPgzIa290Hqtk-9g","views":60836199,"subtitles":"en"},"yt_gq50F-IDXDc":{"gid":"movie","title":"Cats Trailer #1 (2019) | Movieclips Trailers","duration":153,"channel":"UCi8e0iOVk1fEOogdfu4YgfA","views":5107383,"subtitles":"en"},"yt_g0irKUtaCaU":{"gid":"movie","title":"YESTERDAY Official Trailer (2019) Lilly James, Danny Boyle Movie HD","duration":203,"channel":"UCzcRQ3vRNr6fJ1A9rqFn7QA","views":2078017,"subtitles":"en"}},"groups":{"ted":"TED","beginner":"For Beginners","music":"Music","english":"English Lessons","cpop":"Classic POP","edu":"News & Knowledge","tv":"TV Shows","life":"Life Stories","movie":"Movies","kids":"Kids"}}