{"date":"191231","lang":"ja","contents":{"yt_ygzTqwlivgI":{"gid":"lesson","title":"会話編① 挨拶しよう　Conversation① Let’s greet / Su’s JAPANESE Lesson","duration":177,"channel":"UCLmO8nOgmAvv0cGXxl54XBQ","views":6,"subtitles":"en,ja"},"yt_w7aTYQywX7Y":{"gid":"lesson","title":"Online Japanese✎lesson 1 let's study how to pronounce and write Hiragana!【Nihongo】","duration":1279,"channel":"UCsIqHZ-hvLZV1Zjs0baifuQ","views":431733,"subtitles":"ja"},"yt_ljDZKran3-A":{"gid":"lesson","title":"JLPT N4 Lesson 1-1  Vocabulary 「Merry Christmas!」【日本語能力試験N4】","duration":302,"channel":"UCsIqHZ-hvLZV1Zjs0baifuQ","views":175167,"subtitles":"ja"},"yt_DrJyzml5T_w":{"gid":"lesson","title":"JLPT N5 Lesson 1-2  Japanese Basic Expressions“hello”,“how do you do” and “Nice to meet you”日本語能力試験","duration":186,"channel":"UCsIqHZ-hvLZV1Zjs0baifuQ","views":148252,"subtitles":"ja"},"yt_sCBNK_0M8CQ":{"gid":"lesson","title":"Study JLPT N5 Vocabulary 1-50","duration":456,"channel":"UCCBp-wtJZuY2M__0njb11Dg","views":65717,"subtitles":"de,en,es,hi"},"yt_1KVV3hifBPU":{"gid":"lesson","title":"【日本語学校向け】eラーニング教材の紹介","duration":149,"channel":"UCsIqHZ-hvLZV1Zjs0baifuQ","views":1335,"subtitles":"ja"},"yt_8578G_VK_bM":{"gid":"lesson","title":"JLPT N5 Drill Language Knowledge(Vocabulary) 4","duration":356,"channel":"UCsIqHZ-hvLZV1Zjs0baifuQ","views":1017,"subtitles":"ja"},"yt_-tKVN2mAKRI":{"gid":"jpop","title":"DAOKO × 米津玄師『打上花火』MUSIC VIDEO","duration":293,"channel":"UCIzc1_X3OAFquArF3EOVeWw","views":329915598,"subtitles":"en,es-419,fr,id,ja,ko,pl,pt,ru,th,tr,vi,zh-TW"},"yt_dFf4AgBNR1E":{"gid":"jpop","title":"【MV full】 恋するフォーチュンクッキー / AKB48[公式]","duration":323,"channel":"UCxjXU89x6owat9dA8Z-bzdw","views":182309118,"subtitles":"en,ja,ko,zh-Hans"},"yt_lkHlnWFnA0c":{"gid":"jpop","title":"【MV full】 ヘビーローテーション / AKB48 [公式]","duration":345,"channel":"UCxjXU89x6owat9dA8Z-bzdw","views":155400728,"subtitles":"en,ja,ko,zh-CN"},"yt_C-o8pTi6vd8":{"gid":"jpop","title":"＜ノラガミARAGOTO＞OPテーマ  THE ORAL CIGARETTES「狂乱 Hey Kids!!」MusicVideo","duration":267,"channel":"UCdIGbKA_8trRiOq7eGZ7oSA","views":67627931,"subtitles":"en-US,ja,zh-CN"},"yt_lOrw1Qyd-UI":{"gid":"jpop","title":"シュガーソングとビターステップ／まふまふ【歌ってみた】","duration":115,"channel":"UCOTR1tcOAhjgi6YukrPpZxg","views":13541005,"subtitles":"en,es,fr,ja,ko,pl,tr,vi,zh-TW"},"yt_lm0cTOQpOf8":{"gid":"jpop","title":"The Promised Neverland Opening Full『UVERworld - Touch off』","duration":260,"channel":"UC22lbRS_QoB92Gy4DAIJ-tw","views":9258916,"subtitles":"ar,de,el,en,es-419,es,et,fr,hu,id,it,ja,pl,pt-BR,pt,ru,th,tr,vi,zh-TW"},"yt_b5nNv1yFEZQ":{"gid":"jpop","title":"Zen Zen Zense (前前前世)「AMV」RADWIMPS - Kimi no Na wa (Your Name) 君の名は Theme Song","duration":286,"channel":"UC73qYbKnUgrVRry3HksDt1w","views":2076406,"subtitles":"ca,cs,de,en,es,fr,hu,id,it,iw,ja,jv,pt-BR,ru,th,tr,vi,zh-TW"},"yt_wJA8-Z6H5dM":{"gid":"jpop","title":"Hatsune Miku Live Party (MikuPa) (Subtitles cc) [FULL HD]","duration":8033,"channel":"UCeG6XdlbnfQ6D4j-PoQMNbA","views":1106175,"subtitles":"en,es-419,id,ja,ko,pt,vi,zh-HK,zh-TW"},"yt_U7wZ0SphfFI":{"gid":"jpop","title":"【Official】Uru「Scenery」×TVアニメ『グランベルム』コラボレーションMV  YouTube ver.","duration":158,"channel":"UCdPCarwi28K5Z7s5l2nMiLw","views":729768,"subtitles":"en,ja"},"yt_oiRMJ2XEE7U":{"gid":"jpop","title":"【Official】Uru『願い』YouTube ver. TVアニメ「グランベルム」EDテーマ","duration":125,"channel":"UCdPCarwi28K5Z7s5l2nMiLw","views":420731,"subtitles":"en,ja"},"yt_oPKGhlnYmrY":{"gid":"anime","title":"ルシファー第1話【モンストアニメTV／シリーズ第1話】","duration":828,"channel":"UCWzenZSy9GJBcPzdSm-UX5w","views":4884288,"subtitles":"de,en,es-419,es-ES,fr,it,ja,ko,pt-BR,pt-PT,zh-Hans,zh-Hant"},"yt_ivkT17Bj0L0":{"gid":"anime","title":"約束の七夜祭り（やくそくのななやまつり）【XFLAG ANIME】","duration":3778,"channel":"UCC-p7pOxNvWo3Vfu0TeFFhw","views":3122958,"subtitles":"de,en,es-419,es,fr,it,ja,ko,pt-BR,pt-PT,zh-Hans,zh-Hant"},"yt_LzqPSoMXAig":{"gid":"anime","title":"EP 1 OUTCAST | OBSOLETE","duration":787,"channel":"UCQ5URCSs1f5Cz9rh-cDGxNQ","views":6482384,"subtitles":"de,en,es-419,fr,ja,ko,pt-BR,ru"},"yt_GLuoXwStQ-I":{"gid":"anime","title":"第1話「これが始めのストライク！」【モンストアニメ公式】","duration":501,"channel":"UCWzenZSy9GJBcPzdSm-UX5w","views":5491668,"subtitles":"ja"},"yt_eZu0rliTIyI":{"gid":"anime","title":"GWスペシャル「センリツのルシファー ただひとつの始まりの歌」【モンストアニメ公式】","duration":1275,"channel":"UCWzenZSy9GJBcPzdSm-UX5w","views":5042046,"subtitles":"ja"},"yt_dLaN6WI3Csg":{"gid":"anime","title":"第1話「転校生は超絶級？」【モンストアニメ公式】","duration":875,"channel":"UCWzenZSy9GJBcPzdSm-UX5w","views":3956987,"subtitles":"ja"},"yt_wHZnlRdVDUU":{"gid":"anime","title":"【アニメ1話】新幹線変形ロボ シンカリオン THE ANIMATION 第1話『出発!! シンカリオン E5はやぶさ』　shinkalion","duration":1453,"channel":"UClVgBLXWrw3TV4Wm0d7qrFQ","views":3929844,"subtitles":"ja"},"yt_x6IgVehOO0c":{"gid":"anime","title":"年の瀬おまけアニメ「パンドラの誘惑」【モンストアニメ公式】","duration":149,"channel":"UCWzenZSy9GJBcPzdSm-UX5w","views":2648424,"subtitles":"ja"},"yt_IrqO4eSqRC4":{"gid":"kids","title":"公式【絵本読み聞かせ】ママがおばけになっちゃった！／のぶみ【続編も好評発売中！】（講談社の創作絵本）","duration":501,"channel":"UCaCiBKglFZkSYXmlWZBDLgw","views":6907517,"subtitles":"ja"},"yt_RhsozwlVCZE":{"gid":"kids","title":"3びきのこぶた（日本語版）/ THE THREE LITTLE PIGS (JAPANESE) アニメ世界の名作ストーリー／日本語学習","duration":592,"channel":"UCaCiBKglFZkSYXmlWZBDLgw","views":4719252,"subtitles":"en,ja,mn"},"yt_3k75rkB61Bk":{"gid":"kids","title":"桃太郎 -ももたろう（日本語版）アニメ日本の昔ばなし／日本語学習／PEACH BOY - MOMOTARO (JAPANESE)","duration":553,"channel":"UCaCiBKglFZkSYXmlWZBDLgw","views":1967654,"subtitles":"en,ja"},"yt_EE2aufL34uo":{"gid":"kids","title":"シンデレラ（日本語版）/ CINDERELLA (JAPANESE) アニメ世界の名作ストーリー／日本語学習","duration":592,"channel":"UCaCiBKglFZkSYXmlWZBDLgw","views":1029733,"subtitles":"en,ja,mn"},"yt_hVlBqJ-zaLI":{"gid":"kids","title":"赤ずきん（日本語版）/ LITTLE RED RIDING HOOD (JAPANESE) アニメ世界の名作ストーリー／日本語学習","duration":640,"channel":"UCaCiBKglFZkSYXmlWZBDLgw","views":650641,"subtitles":"en,ja,mn"},"yt_aS-lEddCvYE":{"gid":"tv","title":"ぐでたまアニメ　第185話　公式配信","duration":55,"channel":"UCpZqbJnB1yr3pzNgYGjWvfw","views":352761,"subtitles":"ja"},"yt_kA6LMkuD2ow":{"gid":"tv","title":"REACTING to FUNNY JAPANESE LEARNING MEMES | Kanji, JLPT + Language Tips","duration":850,"channel":"UCbHWBh2s3nRzquz8rAoJk8Q","views":65172,"subtitles":"en,ja"},"yt_aIKbkLV42oQ":{"gid":"tv","title":"献血啓発アニメ「誕生!!KKT21」(本編フルバージョン)","duration":331,"channel":"UCVgZUHlkoN51FOwoNMBGjfw","views":60227,"subtitles":"ja"},"yt_IxcAKhB3_HI":{"gid":"tv","title":"ニュースから学ぶ！＃２　Learn from Japanese news!　（日本語字幕付き）","duration":1050,"channel":"UCri_hE3lYtOaWv-Q3ukcOVA","views":10165,"subtitles":"ja"},"yt_lI1sBSPp-ik":{"gid":"tv","title":"サポステと話そう。(最上もがさんインタビュー篇)","duration":158,"channel":"UCVgZUHlkoN51FOwoNMBGjfw","views":3641,"subtitles":"ja"}},"groups":{"lesson":"Lesson","jpop":"J-POP","anime":"Anime","kids":"Kids","tv":"TV"}}