{"date":"191230","lang":"es","contents":{"yt_GWaBQ-ZUm-c":{"gid":"conv","title":"Learn Spanish (Greeting + Introduction) - Lerne Spanisch (Begrüßung) - Aprende Español","duration":148,"channel":"UCNaeud1_y4FTgqTbTqEZ3Kw","views":530463,"subtitles":"de,en,es,it"},"yt_870kQQ2PtwI":{"gid":"conv","title":"Spanish Listening Activity | ¿Dónde vivimos? - House Tour || WhyNotSpanish","duration":730,"channel":"UCIdFcLCIJQ_YMrormG_nU8w","views":64172,"subtitles":"ar,el,es,ru"},"yt_71dOOTJLwFQ":{"gid":"conv","title":"Learn Spanish by Listening (Beginner): Talk about Food | With subtitles ENG/ SPA|","duration":430,"channel":"UCeJguGZvG8yKQW6ZAgG060Q","views":29971,"subtitles":"en,es"},"yt_QFy1xuwZHXY":{"gid":"conv","title":"Fruit in Spanish | Easy Spanish Conversations | Ensalada de Frutas","duration":60,"channel":"UCv-dWUixyWPVcmXB250ULRQ","views":2572,"subtitles":"es"},"yt_v5FRs5qELKo":{"gid":"conv","title":"Time in Spanish | Easy Spanish Conversations | Daily Routine","duration":80,"channel":"UCv-dWUixyWPVcmXB250ULRQ","views":2537,"subtitles":"es"},"yt_LtCorVH5ukU":{"gid":"TV","title":"Learn Spanish Video Series Buena Gente S1 E1","duration":390,"channel":"UCv-dWUixyWPVcmXB250ULRQ","views":110226,"subtitles":"es"},"yt_gWlz_aJ1_-g":{"gid":"TV","title":"Spanish Learning Video Series: Turno de Noche - First Episode","duration":450,"channel":"UC-eNmMTKk5xr8oYFPJlHW6Q","views":52622,"subtitles":"es-ES"},"yt_VqajeHePX-Q":{"gid":"TV","title":"Solo Italian TV-series S01 E01 Full (Eng/Spanish subtitle!)","duration":6451,"channel":"UCYfI5hHN7LmTfm6mOsaERew","views":41674,"subtitles":"en,es,it"},"yt_ZSZNykduw0I":{"gid":"TV","title":"Learn Spanish with Extra in Spanish 02 [Subtitle] - Sam va de compras","duration":1476,"channel":"UCK7jJ2N3v-O8I7ua-rbL4_g","views":29529,"subtitles":"es"},"yt_4UZ0FYAxn0s":{"gid":"TV","title":"Learn Spanish Video Series Buena Gente S1 E3","duration":238,"channel":"UCv-dWUixyWPVcmXB250ULRQ","views":29430,"subtitles":"en,es"},"yt_lTDFYd8OhS8":{"gid":"TV","title":"Learn Spanish Video Series Buena Gente S1 E2","duration":396,"channel":"UCv-dWUixyWPVcmXB250ULRQ","views":29230,"subtitles":"es-MX"},"yt_6QsR3eAcDlY":{"gid":"TV","title":"Spanish Shows for Learning Spanish Buena Gente S2 E1","duration":407,"channel":"UCv-dWUixyWPVcmXB250ULRQ","views":21723,"subtitles":"en,es"},"yt_c0DpvrFqBMA":{"gid":"TV","title":"\"Hablando\": Amistades peligrosas. (A1) - Ejemplo de conversación en español","duration":67,"channel":"UC-eNmMTKk5xr8oYFPJlHW6Q","views":14923,"subtitles":"en,es,it"},"yt_eZoyU2i_eWQ":{"gid":"TV","title":"Spanish Learning Video Series: Turno de Noche - Second Episode","duration":529,"channel":"UC-eNmMTKk5xr8oYFPJlHW6Q","views":12195,"subtitles":"es-ES"},"yt_T0KqxhgTazA":{"gid":"TV","title":"Learn Spanish with Extra in Spanish 03 [Subtitle] - Sam aprende a ligar","duration":1473,"channel":"UCK7jJ2N3v-O8I7ua-rbL4_g","views":11600,"subtitles":"es"},"yt_f_2FylE2U88":{"gid":"TV","title":"Learn Spanish with Extra in Spanish 01 [Subtitle] - La llegada de Sam","duration":1473,"channel":"UCK7jJ2N3v-O8I7ua-rbL4_g","views":9844,"subtitles":"es"},"yt_VqEbCxg2bNI":{"gid":"music","title":"Natti Natasha ❌ Ozuna - Criminal [Official Video]","duration":274,"channel":"UCmKSr4RkQLqPPxSh2Y2xEdQ","views":1889299493,"subtitles":"es-419"},"yt_4bmUFRxNEIg":{"gid":"music","title":"Luis Fonsi - Despacito ( cover by J.Fla )","duration":163,"channel":"UClkRzsdvg7_RKVhwDwiDZOA","views":155097331,"subtitles":"ar,az,bg,bn,cs,de,el,en,es-419,es,fa,fil,fr,hi,hu,id,it,iw,ja,jv,km,ko,ku,mg,ml,mn,mr,ms,nl,pl,pt-BR,pt,ro,ru,sq,sr,sv,ta,te,th,tr,uk,ur,uz,zh-CN,zh-Hant,zh-TW"},"yt_bxhOeUYssOw":{"gid":"music","title":"This Game ♥ No Game No Life (Cover Español)","duration":286,"channel":"UCwTRwPMdWwV2yYy_BHtE8tQ","views":32180304,"subtitles":"en,es-419,fr,hu,ja,pt-BR,ro,tr"},"yt_8lO7NE7XAgg":{"gid":"music","title":"Se Preparó - Ozuna | FitDance Life (Coreografía) Dance Video","duration":206,"channel":"UCFu2moE2kAMkd5TxfE6fTVg","views":26537263,"subtitles":"en,es"},"yt_5eXNbOGd_Ac":{"gid":"music","title":"FMA Brotherhood ♥ AGAIN (YUI) Español Acústico","duration":183,"channel":"UCwTRwPMdWwV2yYy_BHtE8tQ","views":9095317,"subtitles":"en,es,pt-BR"},"yt_Fgkah3Nij1c":{"gid":"music","title":"Jósema - Blood Sweat & Tears (BTS Cover Español)","duration":237,"channel":"UCS5xvv4l0BNG0fq2_bJm-2w","views":5818390,"subtitles":"en,es-419,fr"},"yt_J9gMQjzfXdw":{"gid":"music","title":"Jósema - ETERNITY (VIXX Cover Español)","duration":185,"channel":"UCS5xvv4l0BNG0fq2_bJm-2w","views":1957632,"subtitles":"en,es"},"yt_ReglM-srdB4":{"gid":"music","title":"Se preparó - Ozuna - Cover by Xandra Garsem ft  Juacko","duration":183,"channel":"UCNDQSaC2-5cDOnAG8YEcgug","views":1064718,"subtitles":"es"},"yt_NSfCDdTtBn0":{"gid":"edu","title":"The Spanish Language and What Makes it The Coolest","duration":504,"channel":"UCNhX3WQEkraW3VHPyup8jkQ","views":2692189,"subtitles":"ar,cs,de,el,en,eo,es-419,es-US,es,fr,hi,id,it,ko,ms,nl,pt,ru,sv,tr,uk,zh-TW,zh"},"yt_OhSjoQofCiw":{"gid":"edu","title":"Aprender español: Los alimentos (nivel básico)","duration":386,"channel":"UCTyCyyV0eKfEoMWI_V11z6A","views":1754257,"subtitles":"en,es"},"yt_ixUfyu-sVsM":{"gid":"edu","title":"SPAIN SPANISH vs. LATIN AMERICAN SPANISH","duration":232,"channel":"UCX1Khol-7w7ZUbDPngo_-0g","views":1560648,"subtitles":"en,es-419,pt-BR,tr"},"yt_Kdej-5wLB9s":{"gid":"edu","title":"DVD 1 Completo curso espanhol","duration":6753,"channel":"UCpRzeMml3sE5xxBiAOjYv2A","views":761113,"subtitles":"es"},"yt_8E0XIF2uJCQ":{"gid":"edu","title":"How to Make Small Talk in Spanish (Learn and Practice Everyday Spanish Conversation)","duration":910,"channel":"UCjTIEnsvhWPvrBqtRkB1cLA","views":585871,"subtitles":"en,es"},"yt_hT0POdND7SM":{"gid":"edu","title":"Aprender español: La familia (nivel intermedio)","duration":285,"channel":"UCTyCyyV0eKfEoMWI_V11z6A","views":535662,"subtitles":"en,es"},"yt_jgJuqSmUia8":{"gid":"edu","title":"Why Spanish is So Hard to Understand [4 Quick & Easy Tips]","duration":603,"channel":"UCjTIEnsvhWPvrBqtRkB1cLA","views":329132,"subtitles":"en,es"},"yt_MX8KDP8mFmg":{"gid":"edu","title":"Aprender español: Los electrodomésticos (nivel intermedio)","duration":376,"channel":"UCTyCyyV0eKfEoMWI_V11z6A","views":115622,"subtitles":"es"},"yt_h5R2qyp9NYM":{"gid":"edu","title":"Greetings and Goodbyes in Spanish","duration":736,"channel":"UCjTIEnsvhWPvrBqtRkB1cLA","views":102982,"subtitles":"en,es"},"yt_5AX-LEa9qgI":{"gid":"edu","title":"Ejercicio de escucha en español - ¡Comida costeña en Bogotá! | Spanish Listening Activity","duration":751,"channel":"UCIdFcLCIJQ_YMrormG_nU8w","views":36128,"subtitles":"es"},"yt_7l-yuK2pFUY":{"gid":"edu","title":"¡Nos perdimos! - We got lost! ||Spanish Listening Activity","duration":649,"channel":"UCIdFcLCIJQ_YMrormG_nU8w","views":27018,"subtitles":"es"},"yt_CRZyDiTA0-Y":{"gid":"edu","title":"Learn Spanish | Beginner Grammar Lesson: el verbo \"ser\" (verb: to be) by LinguaTV.com","duration":201,"channel":"UCNaeud1_y4FTgqTbTqEZ3Kw","views":17616,"subtitles":"de,en,es"},"yt_2QieBoTzfGA":{"gid":"edu","title":"Spanish Story | Present Tense | El niño triste","duration":203,"channel":"UCv-dWUixyWPVcmXB250ULRQ","views":9568,"subtitles":"es"},"yt_8FSPjhaQ-vs":{"gid":"edu","title":"Learn Spanish In 5 Minutes - Lesson 4","duration":331,"channel":"UC59UGgR24Mw-jRXSX1SgRrw","views":7165,"subtitles":"es-ES"},"yt_aRRSnxFcomw":{"gid":"edu","title":"El amigo fiel - Audiolibro - Oscar Wilde","duration":1205,"channel":"UC9F6LoCQQrnRlwMwBMkdhyQ","views":6305,"subtitles":"es,zu"},"yt_Ppyi3grKB2M":{"gid":"edu","title":"¿Qué hay en MI BOLSO? [Todos los niveles] Escucha y vocabulario español  -  Aprender español","duration":594,"channel":"UC30I0ZZ54oOVBYeXJtafYIA","views":6126,"subtitles":"es"},"yt_4nKcnfw9ggc":{"gid":"kids","title":"Percherón - La Granja de Zenón 3","duration":132,"channel":"UCK1i2UviaXLUNrZlAFpw_jA","views":477734503,"subtitles":"es-419"},"yt_gDK8ETfHITI":{"gid":"kids","title":"Campana Ding Dong | Canciones infantiles en Español | ChuChu TV","duration":170,"channel":"UCBbsyG0o_cWlyY46ZRSdYJg","views":79889742,"subtitles":"es"},"yt_qr5YMK6VM6U":{"gid":"kids","title":"Skidamarink | Canciones Infantiles | Super Simple Español","duration":147,"channel":"UCyY3Wd5x85o8AKXjYSoxFAQ","views":657253,"subtitles":"en,es-419"},"yt_UbNrJJKthd8":{"gid":"kids","title":"5 Dinos Pequeños Salieron Un Día - Rimas De Dinosaurio Para Niños  ChuChu TV 3D Canciones Infantiles","duration":170,"channel":"UCBbsyG0o_cWlyY46ZRSdYJg","views":175458,"subtitles":"en,es"}},"groups":{"conv":"Conversaciones","TV":"Serie de videos","music":"Música","edu":"Educación","kids":"Niños"}}