{"date":"200305","lang":"ko","contents":{"yt_mPVDGOVjRQ0":{"gid":"bts","title":"BTS (방탄소년단) 'ON' Official MV","duration":355,"channel":"UC3IZKseVpdzPSBaWxBxundA","views":72992144,"subtitles":"en,ko*"},"yt_0lapF4DQPKQ":{"gid":"bts","title":"BTS (방탄소년단) 'Black Swan' Official MV","duration":218,"channel":"UC3IZKseVpdzPSBaWxBxundA","views":14608768,"subtitles":"en,ko*"},"yt_BEIwwuQY_Cg":{"gid":"bts","title":"BTS (방탄소년단) - Seesaw (Trivia 轉) LYRICS (Color Coded Eng/Rom/Han/가사)","duration":247,"channel":"UCmth4hMyizG-_W9jidBqs_A","views":46141589,"subtitles":"ar,bg,cs,da,de,el,en,es,et,fi,fil,fr,hi-Latn,hr,hu,id,it,iw,ja,ko,lt,ms,nl,no,pl,pt-PT,pt,ro,ru,sl,sq,sr,sv,th,tr,uk,vi,zh-TW"},"yt_H2HQWHKDREI":{"gid":"bts","title":"BTS (방탄소년단) 'Spring Day' (봄날) 🌸 Lyrics [Color Coded Han_Rom_Eng]","duration":275,"channel":"UCdCcGbWPN7fG7A8tMW0uo3A","views":28915431,"subtitles":"ar,az,bg,bs,cs,de,el,en,es,et,fi,fr,hi,hr,hu,id,it,iw,ja,ka,ko,lt,lv,ms,nl,no,pl,pt,ro,ru,sl,sq,sr,sv,th,tr,ur,vi,zh-TW"},"yt_OEnvXsyGZmU":{"gid":"bts","title":"BTS (방탄소년단) - Boy With Luv (작은 것들을 위한 시) feat. Halsey (Color Coded Lyrics Eng/Rom/Han/가사)","duration":233,"channel":"UCmth4hMyizG-_W9jidBqs_A","views":22400852,"subtitles":"ar,az,bg,bn,cs,da,de-DE,de,el,en,es-419,et,fi,fil,fr,hi,hu,hy,id,it,iw,ja,ka,ko,lt,lv,mk,ms,ne,nl,no,pl,pt-BR,pt,ro,ru,sk,sl,sq,sr,sv,ta,th,tr,uk,vi,zh-Hans,zh-TW"},"yt_XsX3ATc3FbA":{"gid":"bts","title":"BTS (방탄소년단) '작은 것들을 위한 시 (Boy With Luv) feat. Halsey' Official MV","duration":253,"channel":"UC3IZKseVpdzPSBaWxBxundA","views":541143121,"subtitles":"en,ko*"},"yt_YlgrkmnJOls":{"gid":"bts","title":"BTS - HOUSE OF CARDS (MV)","duration":256,"channel":"UCtGE6cxvqkYXv0981XCMuFQ","views":6324984,"subtitles":"ar, cs, da, de, en, es, fr, hu, ko, nl, pt-BR, pt, ru, sr-Latn, th, tr, vi, zh-Hans"},"yt_MBdVXkSdhwU":{"gid":"bts","title":"BTS (방탄소년단) 'DNA' Official MV","duration":256,"channel":"UC3IZKseVpdzPSBaWxBxundA","views":883700475,"subtitles":"en"},"yt_ALj5MKjy2BU":{"gid":"bts","title":"[MV] BTS(방탄소년단) _ FIRE (불타오르네)","duration":295,"channel":"UCweOkPb1wVVH0Q0Tlj4a5Pw","views":629310990,"subtitles":"en,ko"},"yt_7C2z4GqqS5E":{"gid":"bts","title":"BTS (방탄소년단) 'FAKE LOVE' Official MV","duration":319,"channel":"UC3IZKseVpdzPSBaWxBxundA","views":623954010,"subtitles":"en"},"yt_pBuZEGYXA6E":{"gid":"bts","title":"BTS (방탄소년단) 'IDOL' Official MV","duration":232,"channel":"UC3IZKseVpdzPSBaWxBxundA","views":585433713,"subtitles":"en"},"yt_hmE9f-TEutc":{"gid":"bts","title":"BTS (방탄소년단) '피 땀 눈물 (Blood Sweat & Tears)' Official MV","duration":364,"channel":"UC3IZKseVpdzPSBaWxBxundA","views":521966047,"subtitles":"en"},"yt_xEeFrLSkMm8":{"gid":"bts","title":"BTS (방탄소년단) '봄날 (Spring Day)' Official MV","duration":329,"channel":"UC3IZKseVpdzPSBaWxBxundA","views":289021660,"subtitles":"en"},"yt_UtNdSeoEIqY":{"gid":"kpop","title":"Red Velvet (레드벨벳) - PSYCHO (Color Coded Lyrics Eng/Rom/Han/가사)","duration":223,"channel":"UCmth4hMyizG-_W9jidBqs_A","views":1604663,"subtitles":"ar,bg,cs,de,el,en,es-419,es,fi,fr,hu,id,it,iw,ko,ms,nl,pl,pt,ro,ru,sk,sl,so,sq,th,tr,vi,zh-Hans,zh-TW"},"yt_KhTeiaCezwM":{"gid":"kpop","title":"[MV] 마마무(MAMAMOO) - HIP","duration":211,"channel":"UCuhAUMLzJxlP1W7mEk0_6lA","views":31447621,"subtitles":"en-CA,en-GB,en-US,es-MX,fr,hi,id,it,ko,ms,pl,pt,th,tr,uk,vi,zh-CN,zh-TW"},"yt_LjUXm0Zy_dk":{"gid":"kpop","title":"[MV] 마마무(MAMAMOO) - 별이 빛나는 밤(Starry night)","duration":262,"channel":"UCuhAUMLzJxlP1W7mEk0_6lA","views":64268499,"subtitles":"en,es-419,fr,ko,pl,pt-BR,ru,th,tr,vi,zh-HK,zh-TW"},"yt_6oanIo_2Z4Q":{"gid":"kpop","title":"(여자)아이들((G)I-DLE) - 'LION' Official Music Video","duration":218,"channel":"UCritGVo7pLJLUS8wEu32vow","views":29852411,"subtitles":"ar,bg,bn,ca,da,el,en,es-419,es-ES,es-US,es,eu,fa,fi,fil,fj,fr-FR,hi,hr,hu,it,iw,ja,kk,ko,ms,my,nl,pl,pt-BR,pt,ro,ru,sk,sl,sr,th,tr,zh-HK,zh-Hans,zh-Hant"},"yt_nO3-QHELKU0":{"gid":"kpop","title":"BLACKPINK - Kill This Love (Color Coded Lyrics Eng/Rom/Han/가사)","duration":192,"channel":"UCmth4hMyizG-_W9jidBqs_A","views":25122505,"subtitles":"ar,az,bg,bn,cs,da,de,el,en,es-419,et,fa,fi,fil,fr,hi,hu,id,it,iw,ja,ka,kk,ko,lt,mk,ms,nl,no,pl,pt-BR,pt,ro,ru,sl,sq,sr,sv,ta,th,tr,uk,ur,vi,zh-Hans,zh-TW"},"yt_mIXR-7u2Kas":{"gid":"kpop","title":"TWICE (트와이스) \"FANCY\" (Color Coded Lyrics Eng/Rom/Han/가사)","duration":217,"channel":"UCmth4hMyizG-_W9jidBqs_A","views":17381701,"subtitles":"ar,az,bn,da,de,el,en,es-419,es,fi,fil,fr,hi,hu,id,it,iw,ja,ka,ko,lt,mk,mn,ms,nl,no,pl,pt-BR,pt,ro,ru,sl,sq,sr,sv,ta,th,tr,vi,zh-Hans,zh-TW"},"yt_z4dH6hEMuwk":{"gid":"kpop","title":"PENTAGON(펜타곤) - '빛나리(Shine)' Official Music Video","duration":203,"channel":"UCw4NcAAtRsjL-cGlBrUnMTQ","views":7858099,"subtitles":"ar,az,bg,bs,ca,cs,da,de,el,en,es-419,es,et,fil,fr,hr,hu,id,is,it,iw,ja,kk,km,ko,lt,lv,mn,ms,nl,no,pl,pt-BR,pt,ro,ru,sr,sv,th,tr,uk,vi,zh-CN,zh-HK,zh-TW"},"yt_0306kjwhO-8":{"gid":"kpop","title":"Rocket Punch(로켓펀치) ‘빔밤붐(BIM BAM BUM)’ Official MV","duration":225,"channel":"UCoQIdt0bWPv3-_xuybJvTjQ","views":2959878,"subtitles":"ar, de, en, es, fa, ja, ko, pl, pt, sv, th, tr, zh-TW"},"yt_2S24-y0Ij3Y":{"gid":"kpop","title":"BLACKPINK - 'Kill This Love' M/V","duration":194,"channel":"UCOmHUn--16B90oW2L6FRR3A","views":575467160,"subtitles":"en, ko*"},"yt_dISNgvVpWlo":{"gid":"kpop","title":"BLACKPINK - '휘파람'(WHISTLE) M/V","duration":231,"channel":"UCOmHUn--16B90oW2L6FRR3A","views":417315256,"subtitles":"en, ko*"},"yt_0rtV5esQT6I":{"gid":"kpop","title":"TWICE \"Like OOH-AHH(OOH-AHH하게)\" M/V","duration":272,"channel":"UCaO6TYtlC8U5ttz62hTrZgg","views":334635077,"subtitles":"en,ja,zh-CN"},"yt_mAKsZ26SabQ":{"gid":"kpop","title":"TWICE \"YES or YES\" M/V","duration":269,"channel":"UCaO6TYtlC8U5ttz62hTrZgg","views":202142867,"subtitles":"en-US, es, hi, ja, zh-Hans, ko*"},"yt_kOHB85vDuow":{"gid":"kpop","title":"TWICE \"FANCY\" M/V","duration":219,"channel":"UCaO6TYtlC8U5ttz62hTrZgg","views":190766621,"subtitles":"en, es, hi, ja, vi, zh-Hans, ko*"},"yt_pSudEWBAYRE":{"gid":"kpop","title":"EXO 엑소 'Love Shot' MV","duration":210,"channel":"UCEf_Bc-KVd7onSeifS3py9g","views":188477279,"subtitles":"en, ko*"},"yt_0VKcLPdY9lI":{"gid":"kpop","title":"[MV] 여자친구(GFRIEND) _ 시간을 달려서(Rough)","duration":287,"channel":"UCweOkPb1wVVH0Q0Tlj4a5Pw","views":64655183,"subtitles":"en"},"yt_vHS9E6JFja8":{"gid":"kpop","title":"Red Velvet 레드벨벳 '음파음파 (Umpah Umpah)' MV","duration":226,"channel":"UCEf_Bc-KVd7onSeifS3py9g","views":21177145,"subtitles":"en, es, id, ko, th"},"yt_Zll7O1v63aY":{"gid":"kpop","title":"[MV] GFRIEND(여자친구) _ Fever(열대야)","duration":247,"channel":"UCweOkPb1wVVH0Q0Tlj4a5Pw","views":18479421,"subtitles":"en, ko"},"yt_wS7anrSXKrY":{"gid":"kpop","title":"ASTRO 아스트로 - Blue Flame M/V","duration":212,"channel":"UCZqY2yIsAM9wh3vvMwKd27g","views":9225490,"subtitles":"en,ja,ko,zh-CN"},"yt_LrggmyDhWBo":{"gid":"kpop","title":"[MV] SUNMI(선미) _ LALALAY(날라리)","duration":205,"channel":"UCweOkPb1wVVH0Q0Tlj4a5Pw","views":5243366,"subtitles":"en, ko"},"yt_cX1rR9pRtIg":{"gid":"kpop","title":"[MV] AOA _ Come See Me(날 보러 와요)","duration":207,"channel":"UCweOkPb1wVVH0Q0Tlj4a5Pw","views":2223385,"subtitles":"en,ko"},"yt_Wiq0J7_jHI8":{"gid":"kpop","title":"[MV] HA SUNG WOON(하성운) _ BLUE","duration":202,"channel":"UCweOkPb1wVVH0Q0Tlj4a5Pw","views":1725436,"subtitles":"en,ko"},"yt_UuV2BmJ1p_I":{"gid":"kpop2","title":"[MV] ZICO(지코) _ Any song(아무노래)","duration":248,"channel":"UCweOkPb1wVVH0Q0Tlj4a5Pw","views":28555459,"subtitles":"en,ko"},"yt_m3DZsBw5bnE":{"gid":"kpop2","title":"AKMU - '어떻게 이별까지 사랑하겠어, 널 사랑하는 거지(How can I love the heartbreak, you`re the one I love)' M/V","duration":296,"channel":"UCIcXK1CI8URMIqNO_1cehiQ","views":6061144,"subtitles":"en,ko*"},"yt_WBahioCWfFQ":{"gid":"kpop2","title":"벤 BEN - 열애중 Love, ing Official M/V","duration":314,"channel":"UCd-OrgPLrnQiQBcq19j5oEQ","views":5416534,"subtitles":"en,id,ko,zh-HK"},"yt_wKyMIrBClYw":{"gid":"kpop2","title":"DEAN - instagram","duration":279,"channel":"UCnCEKlzi52Yzj2JdBFhKVEA","views":45378642,"subtitles":"ar,bg,cs,da,de,el,en,es-419,es-US,es,fi,fr,hr,hu,id,it,iw,ja,ka,ko,lt,lv,ms,nl,no,pl,pt-BR,pt-PT,pt,ro,ru,sl,sr,sv,th,tr,uk,vi,zh-CN,zh-TW"},"yt_YNXWZ0P4Pas":{"gid":"kpop2","title":"[MV] TAEYEON (태연) - 그대라는 시 (All About You) (호텔 델루나 OST Part. 3)","duration":210,"channel":"UCC_1GC1nuxiuC7zwxP0FZ9w","views":1190115,"subtitles":"ar, en, es-419, id, it, ko, mn, pt, th, tr, vi, zh-Hans, zh-TW"},"yt_U_dpIqCDcZk":{"gid":"kpop2","title":"[MV] 휘인(WHEEIN) - 헤어지자 (Prod. 정키)","duration":347,"channel":"UCuhAUMLzJxlP1W7mEk0_6lA","views":1019749,"subtitles":"ar,en-GB,en,es-419,fr,id,it,iw,ja,ko,pl,pt-BR,pt,ro,ru,th,tr,vi,zh-TW"},"yt_mgp5nttodEU":{"gid":"kpop2","title":"[MV] 양다일 (Yang Da Il) - Only you (너만 너만 너만) (Hotel Del Luna (호텔 델루나) OST Part.4)","duration":255,"channel":"UC4ulGP7S0wzT7pogzzBIhjg","views":367166,"subtitles":"ar, en, hu, id, ko, ms, ru, tr, vi"},"yt_D1PvIWdJ8xo":{"gid":"kpop2","title":"[MV] IU(아이유) _ Blueming(블루밍)","duration":222,"channel":"UCweOkPb1wVVH0Q0Tlj4a5Pw","views":21578202,"subtitles":"en,ko"},"yt_dnQflYjicms":{"gid":"kpop2","title":"[M/V] Park Bom(박봄) - Spring(봄) (feat. sandara park(산다라박))","duration":251,"channel":"UC9PVYlrwFSlqG7w8TDsqRvQ","views":17550630,"subtitles":"ar, bg, cs, de, en, es-419, es, fa, fi, fr, id, ja, km, ko, ms, pl, pt-BR, pt, ro, sr, th, tr, vi, zh-CN, zh-HK"},"yt_1nk5O__ALI8":{"gid":"kpop2","title":"DAY6 \"days gone by(행복했던 날들이었다)\" M/V","duration":215,"channel":"UCaO6TYtlC8U5ttz62hTrZgg","views":8613063,"subtitles":"en,es,ja,ko,zh-Hans"},"yt_CWUGikRxGQs":{"gid":"kpop2","title":"DAY6 \"Sweet Chaos\" M/V","duration":243,"channel":"UCaO6TYtlC8U5ttz62hTrZgg","views":3980308,"subtitles":"ar,en,es,hi,ja,ko,ru,th,zh-Hans"},"yt_8Oz7DG76ibY":{"gid":"kpop2","title":"AKMU - 'DINOSAUR' M/V","duration":284,"channel":"UCIcXK1CI8URMIqNO_1cehiQ","views":21337421,"subtitles":"en"},"yt_rDG9I9nx0QU":{"gid":"kpop2","title":"벤 BEN - 180도 180 Degree Official M/V","duration":239,"channel":"UCd-OrgPLrnQiQBcq19j5oEQ","views":7720870,"subtitles":"en,ko,vi,zh-HK"},"yt_nM0xDI5R50E":{"gid":"kpop2","title":"[MV] IU(아이유) _ BBIBBI(삐삐)","duration":209,"channel":"UCweOkPb1wVVH0Q0Tlj4a5Pw","views":108762402,"subtitles":"en, ko"},"yt_BzYnNdJhZQw":{"gid":"kpop2","title":"[MV] IU(아이유) _ Through the Night(밤편지)","duration":283,"channel":"UCweOkPb1wVVH0Q0Tlj4a5Pw","views":69713680,"subtitles":"en, ko"},"yt_y5MAgMVwfFs":{"gid":"kpop2","title":"[M/V] 좋다고 말해 - 볼빨간사춘기","duration":208,"channel":"UC9PVYlrwFSlqG7w8TDsqRvQ","views":59032534,"subtitles":"ar, de, en, es-419, fr, id, it, iw, ja, ko, ms, pl, pt-BR, pt, ro, ru, th, tr, vi, zh-HK, zh-TW, zh"},"yt_xRbPAVnqtcs":{"gid":"kpop2","title":"[MV] BOL4(볼빨간사춘기) _ Travel(여행)","duration":258,"channel":"UCweOkPb1wVVH0Q0Tlj4a5Pw","views":55973479,"subtitles":"en, ko"},"yt_MfYPKZl7W1w":{"gid":"kpop2","title":"[MV] 어반자카파(Urban Zakapa) _ 널 사랑하지 않아(I Don't Love You)","duration":256,"channel":"UCweOkPb1wVVH0Q0Tlj4a5Pw","views":42636211,"subtitles":"en, ko"},"yt_vnS_jn2uibs":{"gid":"kpop2","title":"DAY6 \"Time of Our Life(한 페이지가 될 수 있게)\" M/V","duration":208,"channel":"UCaO6TYtlC8U5ttz62hTrZgg","views":4734544,"subtitles":"ar, en, es, hi, ja, ko, ru, th, zh-Hans"},"yt_FETBW9E6TeE":{"gid":"kpop2","title":"스텔라장 (Stella Jang) - YOLO Official M/V","duration":284,"channel":"UCCnIy5ujalDMNgwBszSmoFQ","views":524850,"subtitles":"en,ko"},"yt_6kAqHpcVCpE":{"gid":"kpop2","title":"선미 (SUNMI) - Gashina (가시나) Vocal Cover by yoonsu [ENG/KOR Sub]","duration":120,"channel":"UCG639AU_xh7qP5Ppr0ria0w","views":23618,"subtitles":"en-US, ko"},"yt_0t3ch-UAbo0":{"gid":"edu","title":"(Learn Korean Language - Conversation I) 1. Hello, Goodbye, Thanks, I'm sorry 안녕하세요. 안녕히 가세요.","duration":1051,"channel":"UCKIicR8VM3HczwmJM9UxtTw","views":5812222,"subtitles":"de, en, es, fr, ja, pt, th, vi, zh-Hans"},"yt_OHcOyZl8iHY":{"gid":"edu","title":"[바른 한국어 1급] 1-1  한글 Ⅰ","duration":3068,"channel":"UCNjCmUDirLIsGkGkkHt3wWQ","views":479613,"subtitles":"en, ko, th"},"yt_ZinAK6n6cWU":{"gid":"edu","title":"Learn Korean in 20 Minutes - ALL the Basics You Need","duration":1179,"channel":"UCsgBUobNGksxIKTagZayKEw","views":1396180,"subtitles":"en"},"yt_Ij53POvic7o":{"gid":"edu","title":"크리스 헴스워스 VS 스칼렛 요한슨, 영어발음 극과극 비교","duration":443,"channel":"UCyAQOTYHZAFAxrmK_GvbLIg","views":1339070,"subtitles":"en, ko"},"yt_wzxHgWTLLZI":{"gid":"edu","title":"전소미 VS 낸시, 치트키를 가지고 태어난 혼혈 아이돌의 영어 들어보기","duration":467,"channel":"UCyAQOTYHZAFAxrmK_GvbLIg","views":754463,"subtitles":"en, ko"},"yt_gptx4XB81Qw":{"gid":"edu","title":"[팩트체크] 한국은 왜 결혼 후 남편 성을 안 따를까?","duration":468,"channel":"UCsU-I-vHLiaMfV_ceaYz5rQ","views":753626,"subtitles":"ko"},"yt_zpsg4rV_uzU":{"gid":"edu","title":"[바른 한국어 2급] 1-1 한국말을 할 수 있어요?","duration":1691,"channel":"UCNjCmUDirLIsGkGkkHt3wWQ","views":421695,"subtitles":"en,ko"},"yt_-93jZnIR23U":{"gid":"edu","title":"[바른 한국어 1급] 2-1 안녕하세요?","duration":1193,"channel":"UCNjCmUDirLIsGkGkkHt3wWQ","views":231032,"subtitles":"en,ko,th"},"yt_nuKO_CsyY6U":{"gid":"edu","title":"[바른 한국어 1급]  1-2 한글 Ⅱ","duration":2553,"channel":"UCNjCmUDirLIsGkGkkHt3wWQ","views":208182,"subtitles":"en,ko,th"},"yt_igTlBQvBSbE":{"gid":"edu","title":"[바른 한국어 2급] 1-2 오늘 바빠?","duration":1861,"channel":"UCNjCmUDirLIsGkGkkHt3wWQ","views":175403,"subtitles":"en, ko"},"yt_7uv2g_dzIF0":{"gid":"edu","title":"(Eng, Kor Sub) 중풍(뇌졸중)의 5대 전조증상  Stroke signs 5","duration":344,"channel":"UCThkcgAL6EHbkeVwDI3nCgg","views":69587,"subtitles":"en, ko"},"yt_avjmE6VEaII":{"gid":"edu","title":"[‘바른 한국어’ 3분 한국어]  1. 인사","duration":188,"channel":"UCNjCmUDirLIsGkGkkHt3wWQ","views":63495,"subtitles":"en-US, ko"},"yt_IRcavfT0pHU":{"gid":"edu","title":"선인장 재배하는 브라질, 북동부 사막화 가속 | KBS 특파원 보고 세계는 지금 | 브라질 | 20180407","duration":449,"channel":"UCPiC_P8_Hma4ZmQ_XFguhTA","views":11566,"subtitles":"ko"},"yt_uG2XqoL7t8s":{"gid":"edu","title":"한국어 배우기 | 한글 배우기 01-모음: 단모음 - Learn Korean |  Hangeul: Korean Alphabet - Single Vowels","duration":447,"channel":"UC7t6mMJtdVEWsVEFF5XDFNQ","views":7717,"subtitles":"en, ko"},"yt_Lxaso_M8SB0":{"gid":"edu","title":"[Korean FAQ] All about Korean Expression '있어요' [SUB Kor / Eng]","duration":1778,"channel":"UCMx6DvyVefA7Lh0FMBTS-sQ","views":1933,"subtitles":"en, ko"},"yt_EGXUaupOZWQ":{"gid":"edu","title":"[Learn Real Korean] Let's eat out!은 한국어로 어떻게 말해요? [★]","duration":618,"channel":"UCMx6DvyVefA7Lh0FMBTS-sQ","views":304,"subtitles":"en, ko"},"yt_BwvDUt82Mjw":{"gid":"drama","title":"레전드 드라마 [상속자들] Ep.1 명작의 재발견!'한류 스타들을 탄생시킨 드라마' / 'The Heirs' Review-Subtitled","duration":767,"channel":"UCcOYEm78CpaZQvPE6LtoSeA","views":1376457,"subtitles":"ar, de, en, es, fr, hi, id, ja, ko, pt, ru, th, tr, vi, zh-CN"},"yt_ElL3aQA9bVg":{"gid":"drama","title":"[Movie] \"메모리즈\" (MEMORIES, 2019)","duration":2164,"channel":"UCHIKWrhweDqw7_eiit8frJw","views":38425470,"subtitles":"en, hi, id, ko, th, vi"},"yt_PGZMQ6yiZE0":{"gid":"drama","title":"[투니 최초 웹드라마] 빛나는 나라 7화 진심은 안드로메다로...","duration":811,"channel":"UCMIclL_bqlsiy2eP6tNfORw","views":2715729,"subtitles":"en, ko"},"yt__qJQrkoy88k":{"gid":"drama","title":"EP.1 \"엄마, 고래는 어디 있어?\" 고래먼지 (Ambergris)","duration":452,"channel":"UCHIKWrhweDqw7_eiit8frJw","views":2469640,"subtitles":"en, ko"},"yt_wzszlITWR_A":{"gid":"drama","title":"알바하다 전 남친 만난 썰 [썰스데이2_EP 1] 웹드라마","duration":430,"channel":"UCv0XxWH9xVxZ8pNyRkEQg8Q","views":2468235,"subtitles":"en, es, id, ja, th, vi, zh-TW"},"yt_K_2EcUcXWQs":{"gid":"drama","title":"레전드 드라마 [상속자들] Ep.12, 13 '영도파 VS 김탄파' / 'The Heirs' Review-Subtitled","duration":1781,"channel":"UCcOYEm78CpaZQvPE6LtoSeA","views":1588195,"subtitles":"ar, de, en, es, fr, id, it, ja, ko, pt, ru, th, tr, vi, zh-CN"},"yt_fwsUxnVdod4":{"gid":"drama","title":"레전드 드라마 [상속자들] Ep.4 '쉿! 자잖아' / 'The Heirs' Review-Subtitled","duration":750,"channel":"UCcOYEm78CpaZQvPE6LtoSeA","views":1534928,"subtitles":"ar, de, en, es, fr, hi, id, ja, ko, pt, ru, th, tr, vi, zh-CN"},"yt_SoQmc-YTVnM":{"gid":"drama","title":"[SNS드라마 무한동력] 2화 '예상 밖과 예상 안'","duration":901,"channel":"UCDMIbQQ1seltE6H__f2x3Tw","views":1527495,"subtitles":"ko"},"yt_0hZDTxntZBI":{"gid":"drama","title":"레전드 드라마 [상속자들] Ep.6 '넌 오늘부터 내 거야' / 'The Heirs' Review-Subtitled","duration":919,"channel":"UCcOYEm78CpaZQvPE6LtoSeA","views":1278221,"subtitles":"ar, de, en, es, fr, id, it, ja, ko, pt, ru, th, tr, vi, zh-CN"},"yt_uNuXC0SOs_8":{"gid":"drama","title":"레전드 드라마 [상속자들] Ep.5 '루시퍼 등장' / 'The Heirs' Review-Subtitled","duration":931,"channel":"UCcOYEm78CpaZQvPE6LtoSeA","views":1268571,"subtitles":"ar, de, en, es, fr, hi, id, ja, ko, pt, ru, th, tr, vi, zh-CN"},"yt_mTouS2ckeR4":{"gid":"drama","title":"[기억, 하리2] 본편 #01 쭉... 우린 친구?｜신비아파트 외전 웹드라마","duration":953,"channel":"UCoHsxU1eDWHom6D7Fce6kLA","views":1165615,"subtitles":"en, id, ja, ko, th, vi"},"yt_6XHxRC_arCE":{"gid":"drama","title":"레전드 드라마 [상속자들] Ep.10, 11 '다 물에 빠우져!' / 'The Heirs' Review-Subtitled","duration":1752,"channel":"UCcOYEm78CpaZQvPE6LtoSeA","views":1110633,"subtitles":"ar, de, en, es, fr, id, it, ja, ko, pt, ru, th, tr, vi, zh-CN"},"yt_FtUAa4hzDws":{"gid":"drama","title":"레전드 드라마 [상속자들] Ep.18, 19 '이젠 보지 말자' / 'The Heirs' Review-Subtitled","duration":1669,"channel":"UCcOYEm78CpaZQvPE6LtoSeA","views":1053826,"subtitles":"ar, de, en, es, fr, id, it, ja, ko, pt, ru, th, tr, vi, zh-CN"},"yt_yWLV_MfbsXM":{"gid":"drama","title":"레전드 드라마 [상속자들] Ep.14, 15 '대환장 파티' / 'The Heirs' Review-Subtitled","duration":1568,"channel":"UCcOYEm78CpaZQvPE6LtoSeA","views":1049518,"subtitles":"en, ko"},"yt_DSza9JNMwn0":{"gid":"drama","title":"레전드 드라마 [상속자들] Ep.7 '난 네가 좋아졌어!' / 'The Heirs' Review-Subtitled","duration":1088,"channel":"UCcOYEm78CpaZQvPE6LtoSeA","views":1040647,"subtitles":"ar, de, en, es, fr, id, it, ja, ko, pt, ru, th, tr, vi, zh-CN"},"yt_LUnj6qtU4Ws":{"gid":"drama","title":"레전드 드라마 [상속자들] Ep.8, 9 '입틀막 키스' / 'The Heirs' Review-Subtitled","duration":1787,"channel":"UCcOYEm78CpaZQvPE6LtoSeA","views":966107,"subtitles":"ar, de, en, es, fr, id, it, ja, ko, pt, ru, th, tr, vi, zh-CN"},"yt_Sn4R7YKIlU8":{"gid":"drama","title":"레전드 드라마 [상속자들] Ep.16, 17 사라진 은상이와 전설의 그 키스' / 'The Heirs' Review-Subtitled","duration":1656,"channel":"UCcOYEm78CpaZQvPE6LtoSeA","views":910318,"subtitles":"ar, de, en, es, fr, id, it, ja, ko, pt, ru, th, tr, vi, zh-CN"},"yt_6fVk01160kM":{"gid":"drama","title":"레전드 드라마 [상속자들] Ep.3 '너 좀 귀엽다?' / 'The Heirs' Review-Subtitled","duration":854,"channel":"UCcOYEm78CpaZQvPE6LtoSeA","views":883880,"subtitles":"ar, de, en, es, fr, hi, id, ja, ko, pt, ru, th, tr, vi, zh-CN"},"yt_FsS9x6KBiFg":{"gid":"drama","title":"레전드 드라마 [상속자들] Ep.20 '그럼에도 우린, 직진' / 'The Heirs' Review-Subtitled","duration":1207,"channel":"UCcOYEm78CpaZQvPE6LtoSeA","views":814945,"subtitles":"ar, de, en, es, fr, id, it, ja, ko, pt, ru, th, tr, vi, zh-CN"},"yt_7Ie8pKj_0_s":{"gid":"drama","title":"[기억, 하리2] 본편 #08 엇갈린 기억｜신비아파트 외전 웹드라마","duration":889,"channel":"UCoHsxU1eDWHom6D7Fce6kLA","views":749713,"subtitles":"en, id, ja, ko, th, vi"},"yt_IQx1hTYDTOI":{"gid":"drama","title":"[기억, 하리2] 본편 #02 싸가지 없는 애가 되는거지｜신비아파트 외전 웹드라마","duration":884,"channel":"UCoHsxU1eDWHom6D7Fce6kLA","views":741149,"subtitles":"en, id, ja, ko, th, vi"},"yt_sLQEWOuM1qE":{"gid":"drama","title":"[기억, 하리2] 본편 #04 희선이가 걱정이야｜신비아파트 외전 웹드라마","duration":830,"channel":"UCoHsxU1eDWHom6D7Fce6kLA","views":673726,"subtitles":"en, id, ja, ko, th, vi"},"yt_vW3KNIDQ4hY":{"gid":"drama","title":"[기억, 하리2] 본편 #03 나 강림이 좋아해｜신비아파트 외전","duration":994,"channel":"UCoHsxU1eDWHom6D7Fce6kLA","views":638642,"subtitles":"en, id, ja, ko, th, vi"},"yt_VfnI4DoEEtY":{"gid":"drama","title":"[기억, 하리2] 본편 #05 둘 다 죽게 될 거야｜신비아파트 외전 웹드라마","duration":744,"channel":"UCoHsxU1eDWHom6D7Fce6kLA","views":597528,"subtitles":"en, id, ja, ko, th, vi"},"yt__1lL-nKq_Ao":{"gid":"drama","title":"Gunman In Joseon | 조선총잡이 - EP 2 [SUB : KOR, ENG, CHN, MLY, VIE, IND]","duration":3532,"channel":"UC5BMQOsAB8hKUyHu9KI6yig","views":568228,"subtitles":"en, id, ko, ms, vi, zh-Hans"},"yt_w1LEviBNYxM":{"gid":"drama","title":"[기억, 하리2] 본편 #07 다… 얼어버렸어｜신비아파트 외전 웹드라마","duration":983,"channel":"UCoHsxU1eDWHom6D7Fce6kLA","views":536974,"subtitles":"en, id, ja, ko, th, vi"},"yt_2yaBmUhSpfg":{"gid":"drama","title":"[기억, 하리2] 본편 #06 움직이지 마｜신비아파트 외전 웹드라마","duration":780,"channel":"UCoHsxU1eDWHom6D7Fce6kLA","views":478165,"subtitles":"en, id, ja, ko, th, vi"},"yt_AL3hALPA7O4":{"gid":"drama","title":"[한국드라마] 걸크러쉬 사이다 모음2 (korea drama)","duration":273,"channel":"UCXGYFSFwhesclYk3maXObsw","views":305381,"subtitles":"en, ko"},"yt_ibQqVd_tG88":{"gid":"drama","title":"[Kor/Eng/Thai/Jp Sub] 순정마녀의 별빛 소나타 [EP 1]  Romantic Witch's Starlight Sonata","duration":274,"channel":"UC2BHqS3TN7iG8Js_pkxSGrg","views":294958,"subtitles":"en, es, ja, ko, pt, ru, th"},"yt_OAfXD5G7xVU":{"gid":"drama","title":"[ENG/中字/한글자막] DIA Drama 다이아 드라마 Ep 3 Yebin & Jenny","duration":637,"channel":"UCPK06oC2STA0yaag-aDHw4Q","views":191917,"subtitles":"en, ko, zh-Hans"},"yt_0XvG2gXd6LI":{"gid":"drama","title":"[Kor/Eng/Thai/Jp Sub] 순정마녀의 별빛 소나타 [EP 2] Romantic Witch's Starlight Sonata","duration":307,"channel":"UC2BHqS3TN7iG8Js_pkxSGrg","views":162104,"subtitles":"en, es, ja, ko, pt, ru, th"},"yt_Zm4fPqEHnbo":{"gid":"drama","title":"[기억, 하리2] 메이킹 #01 기억하리2 대본리딩 시작하리~｜신비아파트 외전 웹드라마","duration":132,"channel":"UCoHsxU1eDWHom6D7Fce6kLA","views":110558,"subtitles":"en, ja, ko"},"yt_DzFst_t7p-Q":{"gid":"drama","title":"드라마니까 참았지 현실이면 맞짱각 [도시의밤별] EP01 ENG SUB","duration":805,"channel":"UCMQs9Nsf1uzu5GWY7pCW8rA","views":101026,"subtitles":"en, es, id, ja, pt, zh-Hans, zh-TW"},"yt_QqLniHIFPgA":{"gid":"drama","title":"SUB] 여성퀴어 웹드라마 '크거나같거나 75도씨(≥75℃)' / Lesbian Kdrama 'More than or Equal to 75 Celsius(≥75℃)' EP 2-1","duration":149,"channel":"UCgPkdHArMPS2F8LjUrBKXqw","views":91341,"subtitles":"en,es,ko,pl,vi,zh-CN"},"yt_-GkF-BJB2zo":{"gid":"drama","title":"[한국드라마] 설레는 남주 모음ZIP1 (Korea drama)","duration":359,"channel":"UCXGYFSFwhesclYk3maXObsw","views":61739,"subtitles":"en-US, ko"},"yt_d_iQ2m72Vk0":{"gid":"tv","title":"[골라봐야지][ENG] ♥우리 방탄소년단(BTS) 컴백 기념♥ 댄스 스페셜 영상 #아는형님 #JTBC봐야지","duration":611,"channel":"UCF3UEVPt5zZTlBVJwDG317g","views":2576388,"subtitles":"en, ko"},"yt_VhCzQjuu6dY":{"gid":"tv","title":"(ENG/KOR/THAI/SPN SUB) 갓세븐(GOT7) 인기가요 출첵라이브 풀버전(GOT7 Inkigayo Waiting Room Check-in LIVE Full ver.)","duration":2878,"channel":"UCS_hnpJLQTvBkqALgapi_4g","views":861560,"subtitles":"en-GB, en, es-419, ko, th"},"yt_PHgiwDQsb5M":{"gid":"tv","title":"[SF9] Spectacle Fantasy 9_EP1 (eng/chin/jap/kor sub)","duration":505,"channel":"UClu7CNUHAwB3dXIRXpjnG6g","views":62731,"subtitles":"en-GB, ja, ko, zh-Hans"},"yt_8R8GVxopH5M":{"gid":"tv","title":"지진 나자 아기부터 챙긴 산후조리원 직원들 '포착' / SBS","duration":91,"channel":"UCkinYTS9IHqOEwR1Sze2JTw","views":2392008,"subtitles":"ko"},"yt_TfD0lrlAuiU":{"gid":"tv","title":"MAMAMOO DUBBING TELENOVELA (ESP/PORT/ENG/KOR SUBS)","duration":488,"channel":"UCAbty9wz_E0wfNdvYTyASaQ","views":989187,"subtitles":"en, es-419, pt-BR"},"yt_U9znBtOvRSg":{"gid":"tv","title":"[스타★봐야지][HD/ENG] 파워넘치는 사랑둥이 장원영(Jang Won Young)! 귀염뽀짝 입덕모음♥  #한끼줍쇼 #아이돌룸 #JTBC봐야지","duration":714,"channel":"UCF3UEVPt5zZTlBVJwDG317g","views":725276,"subtitles":"en, ko"},"yt_w6ABzDXzfpg":{"gid":"tv","title":"MAMAMOO Q&A FROM LATIN AMERICAN FANS! (ESP/POR/ENG/KOR SUBS)","duration":1043,"channel":"UCAbty9wz_E0wfNdvYTyASaQ","views":207483,"subtitles":"en, es-419, pt-BR"},"yt_11eDNf3IV2U":{"gid":"tv","title":"[EP01] (KOR/ENG SUB) 스트레이키즈 인기가요 출첵라이브 1부 (Stray Kids Inkigayo Check-in LIVE ep.01)","duration":1074,"channel":"UCS_hnpJLQTvBkqALgapi_4g","views":190715,"subtitles":"en, ko"},"yt_ce6Khbswx8M":{"gid":"tv","title":"[비하인드 뉴스] EBS 영업 비밀에도…펭수 '신원 확인'","duration":215,"channel":"UCsU-I-vHLiaMfV_ceaYz5rQ","views":157630,"subtitles":"ko"},"yt_Qs2yfowUwjo":{"gid":"tv","title":"(ENG/KOR SUB)[BTS 예능연대기] '맛보기' 라이브 방송 \"BTS Entertainment History\" teaser LIVE","duration":1249,"channel":"UCnx4Fi4cmkLGDiFfZ311wWw","views":88008,"subtitles":"en, ko"},"yt_DGcOGbijcOo":{"gid":"tv","title":"2015 Quiz on Korea | 2015 퀴즈 온 코리아 [SUB : ENG / 2015.10.10]","duration":5279,"channel":"UC5BMQOsAB8hKUyHu9KI6yig","views":79560,"subtitles":"en"},"yt_R357XZ4An-U":{"gid":"tv","title":"(Eng/Kor sub)[EP.01] 펜타곤 인기가요 출첵라이브 1부 (PENTAGON Inkigayo Check-in LIVE)","duration":1093,"channel":"UCS_hnpJLQTvBkqALgapi_4g","views":40421,"subtitles":"en, ko"},"yt_ef9ni0e535c":{"gid":"tv","title":"SBS 8 뉴스 2018.01.08(월) 뉴스클로징  사회의 성숙도, 약자를 대하는 태도에서 드러납니다","duration":28,"channel":"UCly6y2Odpu66UTp3ps-GpAQ","views":195,"subtitles":"ko"},"yt_kvJjmdqKP4E":{"gid":"ad","title":"아 안돼! 2탄  #솔플보다트리플 풀버전 [이병헌 X 브롤스타즈]","duration":438,"channel":"UClJspSpzADMROqOW9HLHaoA","views":10274776,"subtitles":"en, ja, zh-CN, zh-TW"},"yt_9Lf3HeoU75Y":{"gid":"ad","title":"[삼성생명] 책임지는 인생금융 (라떼는 말이야)","duration":61,"channel":"UCAgkMrESCDJbgqS8zPHboTw","views":7530514,"subtitles":"ko"},"yt_I3pU5h29Azw":{"gid":"ad","title":"콜라를 떨어뜨리면 안되는 이유 (5분 순삭 ㄷㄷ)","duration":300,"channel":"UCCcE8BpgFqKRP3au8tEUrAw","views":4082015,"subtitles":"en, ja, ko, vi, zh-TW"},"yt_R6sa4SSBmpY":{"gid":"ad","title":"[요기요 광고/CF] 즐거운 식탁이 찾아온다 #맛집요리편 (feat.수란)","duration":16,"channel":"UCpX6TUSkCuekiQ3GaLnrISw","views":2571761,"subtitles":"en-US"},"yt_XOAyv867bjk":{"gid":"ad","title":"광고를 만들랬더니 영화를 만드네⚡","duration":160,"channel":"UCCcE8BpgFqKRP3au8tEUrAw","views":802824,"subtitles":"en, ja, ko"},"yt_hXcvSuFlWN0":{"gid":"ad","title":"아버지가 수상하다 [Taegu Drama X World of Warcraft] Ep4. 거래","duration":57,"channel":"UCEOoYEH7uLJ0Ux566Hy3XmQ","views":77202,"subtitles":"en, ja, ko, zh-CN"},"yt_SP-IvJCr_Nk":{"gid":"ad","title":"아버지가 수상하다 [Taegu Drama X World of Warcraft] Ep5. 추억","duration":75,"channel":"UCEOoYEH7uLJ0Ux566Hy3XmQ","views":65704,"subtitles":"en, ja, ko, zh-CN"},"yt_cvhICP_gTBE":{"gid":"ad","title":"요즘 추천하는 제품으로 한 [누구나 어울리는 데일리 메이크업] (ENG,KOR Sub) / 깡나","duration":362,"channel":"UCxthUNFu-GWQZ0YE9AnIetg","views":50876,"subtitles":"en, ko"},"yt_CgDMW5GbkZc":{"gid":"ad","title":"[ENG, VIETNAMESE, KOR. SUB] 쌀롱어택_여신웨이브펌_애브뉴준오_한재호편","duration":500,"channel":"UCW_6zcw_edYeoQ8Br19S83g","views":38676,"subtitles":"en, ko, vi"},"yt_LYz_53iqo0I":{"gid":"youtuber","title":"'분필'로 그림을 그린다? 실사보다 더 맛있어 보이는 음식! - 초크 아티스트 김소현 (ENG/KOR sub)","duration":175,"channel":"UCywgQ7co_nawQNpYDDahS1Q","views":1383509,"subtitles":"en, ko"},"yt_jv-k4KYGcmo":{"gid":"youtuber","title":"[롱버전 영상] 손톱만한 크기로 '블랙팬서'를 그렸다!! : 나노드로잉 심현대 (ENG/KOR sub)","duration":763,"channel":"UCywgQ7co_nawQNpYDDahS1Q","views":393610,"subtitles":"en, ko"},"yt_7068mw-6lmI":{"gid":"youtuber","title":"TTMIK Coffee Talk [subtitles in Korean/English/Spanish]","duration":379,"channel":"UC5r3WHrX4Z7peSYpDlgktGw","views":61105,"subtitles":"en, es-MX, ko"},"yt_nPxXJTp86wM":{"gid":"youtuber","title":"1월의 불렛저널 2020 : 해달별 || January 2020 Bullet Journal Setup : Sun, moon and stars [ENG sub]","duration":658,"channel":"UCNkhG5qyLjz7utVHK5fDIBA","views":55357,"subtitles":"en,ko"},"yt_UkKtsqaSj20":{"gid":"youtuber","title":"[롱버전 영상] \"내 계획을 위해서는 100살까지 살아야 합니다\" 그래픽 노블에 미치다 : 일러스트레이터, 이인혁 (ENG/KOR sub)","duration":606,"channel":"UCywgQ7co_nawQNpYDDahS1Q","views":29138,"subtitles":"en, ko"},"yt_wu2HMvu2VFk":{"gid":"youtuber","title":"콧바람쐬러 한강으로 룰루랄라~[ENG KOR GER RUS SUB]","duration":478,"channel":"UCmKTebUnJbeWuhUHSxsEDhQ","views":18266,"subtitles":"de, en, ko, ru"}},"groups":{"bts":"BTS","kpop":"K-POP (IDOL)","kpop2":"K-POP (OTHERS)","edu":"교육 & 시사","drama":"Drama","tv":"TV Show","ad":"광고","youtuber":"유튜버"}}